Shade Number,Name,HEX,Red,Blue,Green,Hue,Saturation,Value,Opacity,Light Value
0,"深红色方块 #0",#332828,51,40,40,0,20,20,100,0
1,"深红色方块 #1",#493a3a,73,58,58,0,20,28,100,0
2,"深红色方块 #2",#604c4c,96,76,76,0,20,37,100,0
3,"深红色方块 #3",#775f5f,119,95,95,0,20,46,100,0
4,"红色方块 #4",#8d7070,141,112,112,0,20,55,100,0
5,"红色方块 #5",#a48383,164,131,131,0,20,64,100,0
6,"红色方块 #6",#bb9595,187,149,149,0,20,73,100,0
7,"淡红色方块 #7",#d1a7a7,209,167,167,0,20,81,100,0
8,"淡红色方块 #8",#e8b9b9,232,185,185,0,20,90,100,0
9,"淡红色方块 #9",#ffcccc,255,204,204,0,20,100,100,0
10,"深红色方块 #10",#331919,51,25,25,0,49,20,100,0
11,"深红色方块 #11",#492424,73,36,36,0,49,28,100,0
12,"深红色方块 #12",#603030,96,48,48,0,49,37,100,0
13,"深红色方块 #13",#773c3c,119,60,60,0,49,46,100,0
14,"红色方块 #14",#8d4747,141,71,71,0,49,55,100,0
15,"红色方块 #15",#a45252,164,82,82,0,49,64,100,0
16,"红色方块 #16",#bb5e5e,187,94,94,0,49,73,100,0
17,"淡红色方块 #17",#d16969,209,105,105,0,49,81,100,0
18,"淡红色方块 #18",#e87575,232,117,117,0,49,90,100,0
19,"淡红色方块 #19",#ff8181,255,129,129,0,49,100,100,0
20,"深红色方块 #20",#330c0c,51,12,12,0,75,20,100,0
21,"深红色方块 #21",#491212,73,18,18,0,75,28,100,0
22,"深红色方块 #22",#601717,96,23,23,0,75,37,100,0
23,"深红色方块 #23",#771d1d,119,29,29,0,75,46,100,0
24,"红色方块 #24",#8d2222,141,34,34,0,75,55,100,0
25,"红色方块 #25",#a42828,164,40,40,0,75,64,100,0
26,"红色方块 #26",#bb2e2e,187,46,46,0,75,73,100,0
27,"红色方块 #27",#d13333,209,51,51,0,75,81,100,0
28,"红色方块 #28",#e83939,232,57,57,0,75,90,100,0
29,"红色方块 #29",#ff3f3f,255,63,63,0,75,100,100,0
30,"深红色方块 #30",#330000,51,0,0,0,100,20,100,0
31,"深红色方块 #31",#490000,73,0,0,0,100,28,100,0
32,"深红色方块 #32",#600000,96,0,0,0,100,37,100,0
33,"深红色方块 #33",#770000,119,0,0,0,100,46,100,0
34,"红色方块 #34",#8d0000,141,0,0,0,100,55,100,0
35,"红色方块 #35",#a40000,164,0,0,0,100,64,100,0
36,"红色方块 #36",#bb0000,187,0,0,0,100,73,100,0
37,"红色方块 #37",#d10000,209,0,0,0,100,81,100,0
38,"红色方块 #38",#e80000,232,0,0,0,100,90,100,0
39,"红色方块 #39",#ff0000,255,0,0,0,100,100,100,0
40,"深红色方块 #40",#332a28,51,42,40,9,20,20,100,0
41,"深红色方块 #41",#493c3a,73,60,58,9,20,28,100,0
42,"深红色方块 #42",#604f4c,96,79,76,9,20,37,100,0
43,"深红色方块 #43",#77635f,119,99,95,9,20,46,100,0
44,"红色方块 #44",#8d7570,141,117,112,9,20,55,100,0
45,"红色方块 #45",#a48883,164,136,131,9,20,64,100,0
46,"红色方块 #46",#bb9b95,187,155,149,9,20,73,100,0
47,"淡红色方块 #47",#d1aea7,209,174,167,9,20,81,100,0
48,"淡红色方块 #48",#e8c1b9,232,193,185,9,20,90,100,0
49,"淡红色方块 #49",#ffd4cc,255,212,204,9,20,100,100,0
50,"深红色方块 #50",#331d19,51,29,25,9,49,20,100,0
51,"深红色方块 #51",#492a24,73,42,36,9,49,28,100,0
52,"深红色方块 #52",#603830,96,56,48,9,49,37,100,0
53,"深红色方块 #53",#77453c,119,69,60,9,49,46,100,0
54,"红色方块 #54",#8d5247,141,82,71,9,49,55,100,0
55,"红色方块 #55",#a46052,164,96,82,9,49,64,100,0
56,"红色方块 #56",#bb6d5e,187,109,94,9,49,73,100,0
57,"淡红色方块 #57",#d17a69,209,122,105,9,49,81,100,0
58,"淡红色方块 #58",#e88875,232,136,117,9,49,90,100,0
59,"淡红色方块 #59",#ff9581,255,149,129,9,49,100,100,0
60,"深红色方块 #60",#33120c,51,18,12,9,75,20,100,0
61,"深红色方块 #61",#491b12,73,27,18,9,75,28,100,0
62,"深红色方块 #62",#602317,96,35,23,9,75,37,100,0
63,"深红色方块 #63",#772c1d,119,44,29,9,75,46,100,0
64,"红色方块 #64",#8d3422,141,52,34,9,75,55,100,0
65,"红色方块 #65",#a43c28,164,60,40,9,75,64,100,0
66,"红色方块 #66",#bb452e,187,69,46,9,75,73,100,0
67,"红色方块 #67",#d14d33,209,77,51,9,75,81,100,0
68,"红色方块 #68",#e85639,232,86,57,9,75,90,100,0
69,"红色方块 #69",#ff5e3f,255,94,63,9,75,100,100,0
70,"深红色方块 #70",#330800,51,8,0,9,100,20,100,0
71,"深红色方块 #71",#490c00,73,12,0,9,100,28,100,0
72,"深红色方块 #72",#600f00,96,15,0,9,100,37,100,0
73,"深红色方块 #73",#771300,119,19,0,9,100,46,100,0
74,"红色方块 #74",#8d1700,141,23,0,9,100,55,100,0
75,"红色方块 #75",#a41b00,164,27,0,9,100,64,100,0
76,"红色方块 #76",#bb1e00,187,30,0,9,100,73,100,0
77,"红色方块 #77",#d12200,209,34,0,9,100,81,100,0
78,"红色方块 #78",#e82600,232,38,0,9,100,90,100,0
79,"红色方块 #79",#ff2900,255,41,0,9,100,100,100,0
80,"深橙色方块 #80",#332c28,51,44,40,21,20,20,100,0
81,"深橙色方块 #81",#493f3a,73,63,58,21,20,28,100,0
82,"深橙色方块 #82",#60534c,96,83,76,21,20,37,100,0
83,"深橙色方块 #83",#77675f,119,103,95,21,20,46,100,0
84,"橙色方块 #84",#8d7a70,141,122,112,21,20,55,100,0
85,"橙色方块 #85",#a48e83,164,142,131,21,20,64,100,0
86,"橙色方块 #86",#bba295,187,162,149,21,20,73,100,0
87,"淡橙色方块 #87",#d1b5a7,209,181,167,21,20,81,100,0
88,"淡橙色方块 #88",#e8c9b9,232,201,185,21,20,90,100,0
89,"淡橙色方块 #89",#ffdecc,255,222,204,21,20,100,100,0
90,"深橙色方块 #90",#332219,51,34,25,21,49,20,100,0
91,"深橙色方块 #91",#493124,73,49,36,21,49,28,100,0
92,"深橙色方块 #92",#604130,96,65,48,21,49,37,100,0
93,"深橙色方块 #93",#77503c,119,80,60,21,49,46,100,0
94,"橙色方块 #94",#8d5f47,141,95,71,21,49,55,100,0
95,"橙色方块 #95",#a46f52,164,111,82,21,49,64,100,0
96,"橙色方块 #96",#bb7f5e,187,127,94,21,49,73,100,0
97,"淡橙色方块 #97",#d18e69,209,142,105,21,49,81,100,0
98,"淡橙色方块 #98",#e89d75,232,157,117,21,49,90,100,0
99,"淡橙色方块 #99",#ffad81,255,173,129,21,49,100,100,0
100,"深橙色方块 #100",#331a0c,51,26,12,21,75,20,100,0
101,"深橙色方块 #101",#492512,73,37,18,21,75,28,100,0
102,"深橙色方块 #102",#603117,96,49,23,21,75,37,100,0
103,"深橙色方块 #103",#773d1d,119,61,29,21,75,46,100,0
104,"橙色方块 #104",#8d4822,141,72,34,21,75,55,100,0
105,"橙色方块 #105",#a45428,164,84,40,21,75,64,100,0
106,"橙色方块 #106",#bb5f2e,187,95,46,21,75,73,100,0
107,"橙色方块 #107",#d16b33,209,107,51,21,75,81,100,0
108,"橙色方块 #108",#e87639,232,118,57,21,75,90,100,0
109,"橙色方块 #109",#ff823f,255,130,63,21,75,100,100,0
110,"深橙色方块 #110",#331200,51,18,0,21,100,20,100,0
111,"深橙色方块 #111",#491900,73,25,0,21,100,28,100,0
112,"深橙色方块 #112",#602100,96,33,0,21,100,37,100,0
113,"深橙色方块 #113",#772a00,119,42,0,21,100,46,100,0
114,"橙色方块 #114",#8d3100,141,49,0,21,100,55,100,0
115,"橙色方块 #115",#a43900,164,57,0,21,100,64,100,0
116,"橙色方块 #116",#bb4100,187,65,0,21,100,73,100,0
117,"橙色方块 #117",#d14900,209,73,0,21,100,81,100,0
118,"橙色方块 #118",#e85100,232,81,0,21,100,90,100,0
119,"橙色方块 #119",#ff5900,255,89,0,21,100,100,100,0
120,"深橙色方块 #120",#332e28,51,46,40,32,20,20,100,0
121,"深橙色方块 #121",#49423a,73,66,58,32,20,28,100,0
122,"深橙色方块 #122",#60574c,96,87,76,32,20,37,100,0
123,"深橙色方块 #123",#776c5f,119,108,95,32,20,46,100,0
124,"橙色方块 #124",#8d8070,141,128,112,32,20,55,100,0
125,"橙色方块 #125",#a49483,164,148,131,32,20,64,100,0
126,"橙色方块 #126",#bba995,187,169,149,32,20,73,100,0
127,"淡橙色方块 #127",#d1bda7,209,189,167,32,20,81,100,0
128,"淡橙色方块 #128",#e8d2b9,232,210,185,32,20,90,100,0
129,"淡橙色方块 #129",#ffe7cc,255,231,204,32,20,100,100,0
130,"深橙色方块 #130",#332719,51,39,25,32,49,20,100,0
131,"深橙色方块 #131",#493824,73,56,36,32,49,28,100,0
132,"深橙色方块 #132",#604a30,96,74,48,32,49,37,100,0
133,"深橙色方块 #133",#775c3c,119,92,60,32,49,46,100,0
134,"橙色方块 #134",#8d6d47,141,109,71,32,49,55,100,0
135,"橙色方块 #135",#a47e52,164,126,82,32,49,64,100,0
136,"橙色方块 #136",#bb905e,187,144,94,32,49,73,100,0
137,"淡橙色方块 #137",#d1a169,209,161,105,32,49,81,100,0
138,"淡橙色方块 #138",#e8b375,232,179,117,32,49,90,100,0
139,"淡橙色方块 #139",#ffc581,255,197,129,32,49,100,100,0
140,"深橙色方块 #140",#33210c,51,33,12,32,75,20,100,0
141,"深橙色方块 #141",#492f12,73,47,18,32,75,28,100,0
142,"深橙色方块 #142",#603e17,96,62,23,32,75,37,100,0
143,"深橙色方块 #143",#774d1d,119,77,29,32,75,46,100,0
144,"橙色方块 #144",#8d5c22,141,92,34,32,75,55,100,0
145,"橙色方块 #145",#a46b28,164,107,40,32,75,64,100,0
146,"橙色方块 #146",#bb7a2e,187,122,46,32,75,73,100,0
147,"橙色方块 #147",#d18833,209,136,51,32,75,81,100,0
148,"橙色方块 #148",#e89739,232,151,57,32,75,90,100,0
149,"橙色方块 #149",#ffa63f,255,166,63,32,75,100,100,0
150,"深橙色方块 #150",#331b00,51,27,0,32,100,20,100,0
151,"深橙色方块 #151",#492700,73,39,0,32,100,28,100,0
152,"深橙色方块 #152",#603300,96,51,0,32,100,37,100,0
153,"深橙色方块 #153",#774000,119,64,0,32,100,46,100,0
154,"橙色方块 #154",#8d4c00,141,76,0,32,100,55,100,0
155,"橙色方块 #155",#a45800,164,88,0,32,100,64,100,0
156,"橙色方块 #156",#bb6500,187,101,0,32,100,73,100,0
157,"橙色方块 #157",#d17100,209,113,0,32,100,81,100,0
158,"橙色方块 #158",#e87d00,232,125,0,32,100,90,100,0
159,"橙色方块 #159",#ff8a00,255,138,0,32,100,100,100,0
160,"深橙色方块 #160",#333028,51,48,40,43,20,20,100,0
161,"深橙色方块 #161",#49453a,73,69,58,43,20,28,100,0
162,"深橙色方块 #162",#605a4c,96,90,76,43,20,37,100,0
163,"深橙色方块 #163",#77705f,119,112,95,43,20,46,100,0
164,"橙色方块 #164",#8d8570,141,133,112,43,20,55,100,0
165,"橙色方块 #165",#a49b83,164,155,131,43,20,64,100,0
166,"橙色方块 #166",#bbb095,187,176,149,43,20,73,100,0
167,"淡橙色方块 #167",#d1c5a7,209,197,167,43,20,81,100,0
168,"淡橙色方块 #168",#e8dbb9,232,219,185,43,20,90,100,0
169,"淡橙色方块 #169",#fff1cc,255,241,204,43,20,100,100,0
170,"深橙色方块 #170",#332c19,51,44,25,43,49,20,100,0
171,"深橙色方块 #171",#493f24,73,63,36,43,49,28,100,0
172,"深橙色方块 #172",#605330,96,83,48,43,49,37,100,0
173,"深橙色方块 #173",#77673c,119,103,60,43,49,46,100,0
174,"橙色方块 #174",#8d7a47,141,122,71,43,49,55,100,0
175,"橙色方块 #175",#a48e52,164,142,82,43,49,64,100,0
176,"橙色方块 #176",#bba15e,187,161,94,43,49,73,100,0
177,"淡橙色方块 #177",#d1b569,209,181,105,43,49,81,100,0
178,"淡橙色方块 #178",#e8c875,232,200,117,43,49,90,100,0
179,"淡橙色方块 #179",#ffdc81,255,220,129,43,49,100,100,0
180,"深橙色方块 #180",#33280c,51,40,12,43,75,20,100,0
181,"深橙色方块 #181",#493a12,73,58,18,43,75,28,100,0
182,"深橙色方块 #182",#604c17,96,76,23,43,75,37,100,0
183,"深橙色方块 #183",#775e1d,119,94,29,43,75,46,100,0
184,"橙色方块 #184",#8d7022,141,112,34,43,75,55,100,0
185,"橙色方块 #185",#a48228,164,130,40,43,75,64,100,0
186,"橙色方块 #186",#bb942e,187,148,46,43,75,73,100,0
187,"橙色方块 #187",#d1a633,209,166,51,43,75,81,100,0
188,"橙色方块 #188",#e8b839,232,184,57,43,75,90,100,0
189,"橙色方块 #189",#ffcb3f,255,203,63,43,75,100,100,0
190,"深橙色方块 #190",#332500,51,37,0,43,100,20,100,0
191,"深橙色方块 #191",#493500,73,53,0,43,100,28,100,0
192,"深橙色方块 #192",#604600,96,70,0,43,100,37,100,0
193,"深橙色方块 #193",#775600,119,86,0,43,100,46,100,0
194,"橙色方块 #194",#8d6600,141,102,0,43,100,55,100,0
195,"橙色方块 #195",#a47700,164,119,0,43,100,64,100,0
196,"橙色方块 #196",#bb8800,187,136,0,43,100,73,100,0
197,"橙色方块 #197",#d19800,209,152,0,43,100,81,100,0
198,"橙色方块 #198",#e8a900,232,169,0,43,100,90,100,0
199,"橙色方块 #199",#ffba00,255,186,0,43,100,100,100,0
200,"深黄色方块 #200",#333228,51,50,40,55,20,20,100,0
201,"深黄色方块 #201",#49473a,73,71,58,55,20,28,100,0
202,"深黄色方块 #202",#605e4c,96,94,76,55,20,37,100,0
203,"深黄色方块 #203",#77755f,119,117,95,55,20,46,100,0
204,"黄色方块 #204",#8d8a70,141,138,112,55,20,55,100,0
205,"黄色方块 #205",#a4a183,164,161,131,55,20,64,100,0
206,"黄色方块 #206",#bbb795,187,183,149,55,20,73,100,0
207,"淡黄色方块 #207",#d1cda7,209,205,167,55,20,81,100,0
208,"淡黄色方块 #208",#e8e4b9,232,228,185,55,20,90,100,0
209,"淡黄色方块 #209",#fffacc,255,250,204,55,20,100,100,0
210,"深黄色方块 #210",#333019,51,48,25,55,49,20,100,0
211,"深黄色方块 #211",#494624,73,70,36,55,49,28,100,0
212,"深黄色方块 #212",#605c30,96,92,48,55,49,37,100,0
213,"深黄色方块 #213",#77723c,119,114,60,55,49,46,100,0
214,"黄色方块 #214",#8d8747,141,135,71,55,49,55,100,0
215,"黄色方块 #215",#a49d52,164,157,82,55,49,64,100,0
216,"黄色方块 #216",#bbb35e,187,179,94,55,49,73,100,0
217,"淡黄色方块 #217",#d1c869,209,200,105,55,49,81,100,0
218,"淡黄色方块 #218",#e8de75,232,222,117,55,49,90,100,0
219,"淡黄色方块 #219",#fff481,255,244,129,55,49,100,100,0
220,"深黄色方块 #220",#332f0c,51,47,12,55,75,20,100,0
221,"深黄色方块 #221",#494412,73,68,18,55,75,28,100,0
222,"深黄色方块 #222",#605a17,96,90,23,55,75,37,100,0
223,"深黄色方块 #223",#776f1d,119,111,29,55,75,46,100,0
224,"黄色方块 #224",#8d8422,141,132,34,55,75,55,100,0
225,"黄色方块 #225",#a49928,164,153,40,55,75,64,100,0
226,"黄色方块 #226",#bbaf2e,187,175,46,55,75,73,100,0
227,"黄色方块 #227",#d1c433,209,196,51,55,75,81,100,0
228,"黄色方块 #228",#e8d939,232,217,57,55,75,90,100,0
229,"黄色方块 #229",#ffef3f,255,239,63,55,75,100,100,0
230,"深黄色方块 #230",#332e00,51,46,0,55,100,20,100,0
231,"深黄色方块 #231",#494200,73,66,0,55,100,28,100,0
232,"深黄色方块 #232",#605800,96,88,0,55,100,37,100,0
233,"深黄色方块 #233",#776d00,119,109,0,55,100,46,100,0
234,"黄色方块 #234",#8d8100,141,129,0,55,100,55,100,0
235,"黄色方块 #235",#a49600,164,150,0,55,100,64,100,0
236,"黄色方块 #236",#bbab00,187,171,0,55,100,73,100,0
237,"黄色方块 #237",#d1bf00,209,191,0,55,100,81,100,0
238,"黄色方块 #238",#e8d400,232,212,0,55,100,90,100,0
239,"黄色方块 #239",#ffea00,255,234,0,55,100,100,100,0
240,"深黄绿色方块 #240",#313328,49,51,40,66,20,20,100,0
241,"深黄绿色方块 #241",#47493a,71,73,58,66,20,28,100,0
242,"深黄绿色方块 #242",#5d604c,93,96,76,66,20,37,100,0
243,"深黄绿色方块 #243",#74775f,116,119,95,66,20,46,100,0
244,"黄绿色方块 #244",#8a8d70,138,141,112,66,20,55,100,0
245,"黄绿色方块 #245",#a0a483,160,164,131,66,20,64,100,0
246,"黄绿色方块 #246",#b7bb95,183,187,149,66,20,73,100,0
247,"淡黄绿色方块 #247",#ccd1a7,204,209,167,66,20,81,100,0
248,"淡黄绿色方块 #248",#e3e8b9,227,232,185,66,20,90,100,0
249,"淡黄绿色方块 #249",#f9ffcc,249,255,204,66,20,100,100,0
250,"深黄绿色方块 #250",#303319,48,51,25,66,49,20,100,0
251,"深黄绿色方块 #251",#454924,69,73,36,66,49,28,100,0
252,"深黄绿色方块 #252",#5a6030,90,96,48,66,49,37,100,0
253,"深黄绿色方块 #253",#70773c,112,119,60,66,49,46,100,0
254,"黄绿色方块 #254",#858d47,133,141,71,66,49,55,100,0
255,"黄绿色方块 #255",#9ba452,155,164,82,66,49,64,100,0
256,"黄绿色方块 #256",#b1bb5e,177,187,94,66,49,73,100,0
257,"淡黄绿色方块 #257",#c6d169,198,209,105,66,49,81,100,0
258,"淡黄绿色方块 #258",#dbe875,219,232,117,66,49,90,100,0
259,"淡黄绿色方块 #259",#f1ff81,241,255,129,66,49,100,100,0
260,"深黄绿色方块 #260",#2e330c,46,51,12,66,75,20,100,0
261,"深黄绿色方块 #261",#434912,67,73,18,66,75,28,100,0
262,"深黄绿色方块 #262",#586017,88,96,23,66,75,37,100,0
263,"深黄绿色方块 #263",#6d771d,109,119,29,66,75,46,100,0
264,"黄绿色方块 #264",#818d22,129,141,34,66,75,55,100,0
265,"黄绿色方块 #265",#96a428,150,164,40,66,75,64,100,0
266,"黄绿色方块 #266",#acbb2e,172,187,46,66,75,73,100,0
267,"黄绿色方块 #267",#c0d133,192,209,51,66,75,81,100,0
268,"黄绿色方块 #268",#d5e839,213,232,57,66,75,90,100,0
269,"黄绿色方块 #269",#eaff3f,234,255,63,66,75,100,100,0
270,"深黄绿色方块 #270",#2d3300,45,51,0,66,100,20,100,0
271,"深黄绿色方块 #271",#414900,65,73,0,66,100,28,100,0
272,"深黄绿色方块 #272",#556000,85,96,0,66,100,37,100,0
273,"深黄绿色方块 #273",#6a7700,106,119,0,66,100,46,100,0
274,"黄绿色方块 #274",#7e8d00,126,141,0,66,100,55,100,0
275,"黄绿色方块 #275",#92a400,146,164,0,66,100,64,100,0
276,"黄绿色方块 #276",#a7bb00,167,187,0,66,100,73,100,0
277,"黄绿色方块 #277",#bad100,186,209,0,66,100,81,100,0
278,"黄绿色方块 #278",#cfe800,207,232,0,66,100,90,100,0
279,"黄绿色方块 #279",#e3ff00,227,255,0,66,100,100,100,0
280,"深黄绿色方块 #280",#303328,48,51,40,77,20,20,100,0
281,"深黄绿色方块 #281",#44493a,68,73,58,77,20,28,100,0
282,"深黄绿色方块 #282",#5a604c,90,96,76,77,20,37,100,0
283,"深黄绿色方块 #283",#70775f,112,119,95,77,20,46,100,0
284,"黄绿色方块 #284",#848d70,132,141,112,77,20,55,100,0
285,"黄绿色方块 #285",#9aa483,154,164,131,77,20,64,100,0
286,"黄绿色方块 #286",#b0bb95,176,187,149,77,20,73,100,0
287,"淡黄绿色方块 #287",#c4d1a7,196,209,167,77,20,81,100,0
288,"淡黄绿色方块 #288",#dae8b9,218,232,185,77,20,90,100,0
289,"淡黄绿色方块 #289",#f0ffcc,240,255,204,77,20,100,100,0
290,"深黄绿色方块 #290",#2b3319,43,51,25,77,49,20,100,0
291,"深黄绿色方块 #291",#3e4924,62,73,36,77,49,28,100,0
292,"深黄绿色方块 #292",#526030,82,96,48,77,49,37,100,0
293,"深黄绿色方块 #293",#65773c,101,119,60,77,49,46,100,0
294,"黄绿色方块 #294",#788d47,120,141,71,77,49,55,100,0
295,"黄绿色方块 #295",#8ca452,140,164,82,77,49,64,100,0
296,"黄绿色方块 #296",#9fbb5e,159,187,94,77,49,73,100,0
297,"淡黄绿色方块 #297",#b2d169,178,209,105,77,49,81,100,0
298,"淡黄绿色方块 #298",#c6e875,198,232,117,77,49,90,100,0
299,"淡黄绿色方块 #299",#d9ff81,217,255,129,77,49,100,100,0
300,"深黄绿色方块 #300",#27330c,39,51,12,77,75,20,100,0
301,"深黄绿色方块 #301",#384912,56,73,18,77,75,28,100,0
302,"深黄绿色方块 #302",#4a6017,74,96,23,77,75,37,100,0
303,"深黄绿色方块 #303",#5c771d,92,119,29,77,75,46,100,0
304,"黄绿色方块 #304",#6d8d22,109,141,34,77,75,55,100,0
305,"黄绿色方块 #305",#7fa428,127,164,40,77,75,64,100,0
306,"黄绿色方块 #306",#91bb2e,145,187,46,77,75,73,100,0
307,"黄绿色方块 #307",#a2d133,162,209,51,77,75,81,100,0
308,"黄绿色方块 #308",#b4e839,180,232,57,77,75,90,100,0
309,"黄绿色方块 #309",#c6ff3f,198,255,63,77,75,100,100,0
310,"深黄绿色方块 #310",#243300,36,51,0,77,100,20,100,0
311,"深黄绿色方块 #311",#334900,51,73,0,77,100,28,100,0
312,"深黄绿色方块 #312",#436000,67,96,0,77,100,37,100,0
313,"深黄绿色方块 #313",#547700,84,119,0,77,100,46,100,0
314,"黄绿色方块 #314",#638d00,99,141,0,77,100,55,100,0
315,"黄绿色方块 #315",#73a400,115,164,0,77,100,64,100,0
316,"黄绿色方块 #316",#83bb00,131,187,0,77,100,73,100,0
317,"黄绿色方块 #317",#93d100,147,209,0,77,100,81,100,0
318,"黄绿色方块 #318",#a3e800,163,232,0,77,100,90,100,0
319,"黄绿色方块 #319",#b3ff00,179,255,0,77,100,100,100,0
320,"深黄绿色方块 #320",#2e3328,46,51,40,88,20,20,100,0
321,"深黄绿色方块 #321",#41493a,65,73,58,88,20,28,100,0
322,"深黄绿色方块 #322",#56604c,86,96,76,88,20,37,100,0
323,"深黄绿色方块 #323",#6b775f,107,119,95,88,20,46,100,0
324,"黄绿色方块 #324",#7f8d70,127,141,112,88,20,55,100,0
325,"黄绿色方块 #325",#94a483,148,164,131,88,20,64,100,0
326,"黄绿色方块 #326",#a8bb95,168,187,149,88,20,73,100,0
327,"淡黄绿色方块 #327",#bcd1a7,188,209,167,88,20,81,100,0
328,"淡黄绿色方块 #328",#d1e8b9,209,232,185,88,20,90,100,0
329,"淡黄绿色方块 #329",#e6ffcc,230,255,204,88,20,100,100,0
330,"深黄绿色方块 #330",#263319,38,51,25,88,49,20,100,0
331,"深黄绿色方块 #331",#374924,55,73,36,88,49,28,100,0
332,"深黄绿色方块 #332",#496030,73,96,48,88,49,37,100,0
333,"深黄绿色方块 #333",#5a773c,90,119,60,88,49,46,100,0
334,"黄绿色方块 #334",#6b8d47,107,141,71,88,49,55,100,0
335,"黄绿色方块 #335",#7ca452,124,164,82,88,49,64,100,0
336,"黄绿色方块 #336",#8ebb5e,142,187,94,88,49,73,100,0
337,"淡黄绿色方块 #337",#9fd169,159,209,105,88,49,81,100,0
338,"淡黄绿色方块 #338",#b0e875,176,232,117,88,49,90,100,0
339,"淡黄绿色方块 #339",#c2ff81,194,255,129,88,49,100,100,0
340,"深黄绿色方块 #340",#20330c,32,51,12,88,75,20,100,0
341,"深黄绿色方块 #341",#2e4912,46,73,18,88,75,28,100,0
342,"深黄绿色方块 #342",#3d6017,61,96,23,88,75,37,100,0
343,"深黄绿色方块 #343",#4b771d,75,119,29,88,75,46,100,0
344,"黄绿色方块 #344",#598d22,89,141,34,88,75,55,100,0
345,"黄绿色方块 #345",#68a428,104,164,40,88,75,64,100,0
346,"黄绿色方块 #346",#77bb2e,119,187,46,88,75,73,100,0
347,"黄绿色方块 #347",#85d133,133,209,51,88,75,81,100,0
348,"黄绿色方块 #348",#93e839,147,232,57,88,75,90,100,0
349,"黄绿色方块 #349",#a2ff3f,162,255,63,88,75,100,100,0
350,"深黄绿色方块 #350",#1a3300,26,51,0,88,100,20,100,0
351,"深黄绿色方块 #351",#254900,37,73,0,88,100,28,100,0
352,"深黄绿色方块 #352",#316000,49,96,0,88,100,37,100,0
353,"深黄绿色方块 #353",#3d7700,61,119,0,88,100,46,100,0
354,"黄绿色方块 #354",#488d00,72,141,0,88,100,55,100,0
355,"黄绿色方块 #355",#54a400,84,164,0,88,100,64,100,0
356,"黄绿色方块 #356",#60bb00,96,187,0,88,100,73,100,0
357,"黄绿色方块 #357",#6cd100,108,209,0,88,100,81,100,0
358,"黄绿色方块 #358",#78e800,120,232,0,88,100,90,100,0
359,"黄绿色方块 #359",#84ff00,132,255,0,88,100,100,100,0
360,"深绿色方块 #360",#2c3328,44,51,40,100,20,20,100,0
361,"深绿色方块 #361",#3f493a,63,73,58,100,20,28,100,0
362,"深绿色方块 #362",#53604c,83,96,76,100,20,37,100,0
363,"深绿色方块 #363",#67775f,103,119,95,100,20,46,100,0
364,"绿色方块 #364",#7a8d70,122,141,112,100,20,55,100,0
365,"绿色方块 #365",#8ea483,142,164,131,100,20,64,100,0
366,"绿色方块 #366",#a1bb95,161,187,149,100,20,73,100,0
367,"淡绿色方块 #367",#b4d1a7,180,209,167,100,20,81,100,0
368,"淡绿色方块 #368",#c8e8b9,200,232,185,100,20,90,100,0
369,"淡绿色方块 #369",#dcffcc,220,255,204,100,20,100,100,0
370,"深绿色方块 #370",#223319,34,51,25,100,49,20,100,0
371,"深绿色方块 #371",#304924,48,73,36,100,49,28,100,0
372,"深绿色方块 #372",#406030,64,96,48,100,49,37,100,0
373,"深绿色方块 #373",#4f773c,79,119,60,100,49,46,100,0
374,"绿色方块 #374",#5e8d47,94,141,71,100,49,55,100,0
375,"绿色方块 #375",#6da452,109,164,82,100,49,64,100,0
376,"绿色方块 #376",#7dbb5e,125,187,94,100,49,73,100,0
377,"淡绿色方块 #377",#8bd169,139,209,105,100,49,81,100,0
378,"淡绿色方块 #378",#9be875,155,232,117,100,49,90,100,0
379,"淡绿色方块 #379",#aaff81,170,255,129,100,49,100,100,0
380,"深绿色方块 #380",#19330c,25,51,12,100,75,20,100,0
381,"深绿色方块 #381",#244912,36,73,18,100,75,28,100,0
382,"深绿色方块 #382",#2f6017,47,96,23,100,75,37,100,0
383,"深绿色方块 #383",#3a771d,58,119,29,100,75,46,100,0
384,"绿色方块 #384",#458d22,69,141,34,100,75,55,100,0
385,"绿色方块 #385",#51a428,81,164,40,100,75,64,100,0
386,"绿色方块 #386",#5cbb2e,92,187,46,100,75,73,100,0
387,"绿色方块 #387",#67d133,103,209,51,100,75,81,100,0
388,"绿色方块 #388",#72e839,114,232,57,100,75,90,100,0
389,"绿色方块 #389",#7eff3f,126,255,63,100,75,100,100,0
390,"深绿色方块 #390",#103300,16,51,0,100,100,20,100,0
391,"深绿色方块 #391",#184900,24,73,0,100,100,28,100,0
392,"深绿色方块 #392",#1f6000,31,96,0,100,100,37,100,0
393,"深绿色方块 #393",#277700,39,119,0,100,100,46,100,0
394,"绿色方块 #394",#2e8d00,46,141,0,100,100,55,100,0
395,"绿色方块 #395",#36a400,54,164,0,100,100,64,100,0
396,"绿色方块 #396",#3dbb00,61,187,0,100,100,73,100,0
397,"绿色方块 #397",#44d100,68,209,0,100,100,81,100,0
398,"绿色方块 #398",#4ce800,76,232,0,100,100,90,100,0
399,"绿色方块 #399",#53ff00,83,255,0,100,100,100,100,0
400,"深绿色方块 #400",#2a3328,42,51,40,110,20,20,100,0
401,"深绿色方块 #401",#3c493a,60,73,58,110,20,28,100,0
402,"深绿色方块 #402",#4f604c,79,96,76,110,20,37,100,0
403,"深绿色方块 #403",#63775f,99,119,95,110,20,46,100,0
404,"绿色方块 #404",#758d70,117,141,112,110,20,55,100,0
405,"绿色方块 #405",#88a483,136,164,131,110,20,64,100,0
406,"绿色方块 #406",#9bbb95,155,187,149,110,20,73,100,0
407,"淡绿色方块 #407",#aed1a7,174,209,167,110,20,81,100,0
408,"淡绿色方块 #408",#c1e8b9,193,232,185,110,20,90,100,0
409,"淡绿色方块 #409",#d4ffcc,212,255,204,110,20,100,100,0
410,"深绿色方块 #410",#1d3319,29,51,25,110,49,20,100,0
411,"深绿色方块 #411",#2a4924,42,73,36,110,49,28,100,0
412,"深绿色方块 #412",#386030,56,96,48,110,49,37,100,0
413,"深绿色方块 #413",#45773c,69,119,60,110,49,46,100,0
414,"绿色方块 #414",#528d47,82,141,71,110,49,55,100,0
415,"绿色方块 #415",#60a452,96,164,82,110,49,64,100,0
416,"绿色方块 #416",#6dbb5e,109,187,94,110,49,73,100,0
417,"淡绿色方块 #417",#7ad169,122,209,105,110,49,81,100,0
418,"淡绿色方块 #418",#88e875,136,232,117,110,49,90,100,0
419,"淡绿色方块 #419",#95ff81,149,255,129,110,49,100,100,0
420,"深绿色方块 #420",#12330c,18,51,12,110,75,20,100,0
421,"深绿色方块 #421",#1b4912,27,73,18,110,75,28,100,0
422,"深绿色方块 #422",#236017,35,96,23,110,75,37,100,0
423,"深绿色方块 #423",#2c771d,44,119,29,110,75,46,100,0
424,"绿色方块 #424",#348d22,52,141,34,110,75,55,100,0
425,"绿色方块 #425",#3ca428,60,164,40,110,75,64,100,0
426,"绿色方块 #426",#45bb2e,69,187,46,110,75,73,100,0
427,"绿色方块 #427",#4dd133,77,209,51,110,75,81,100,0
428,"绿色方块 #428",#56e839,86,232,57,110,75,90,100,0
429,"绿色方块 #429",#5eff3f,94,255,63,110,75,100,100,0
430,"深绿色方块 #430",#083300,8,51,0,110,100,20,100,0
431,"深绿色方块 #431",#0c4900,12,73,0,110,100,28,100,0
432,"深绿色方块 #432",#0f6000,15,96,0,110,100,37,100,0
433,"深绿色方块 #433",#137700,19,119,0,110,100,46,100,0
434,"绿色方块 #434",#178d00,23,141,0,110,100,55,100,0
435,"绿色方块 #435",#1ba400,27,164,0,110,100,64,100,0
436,"绿色方块 #436",#1ebb00,30,187,0,110,100,73,100,0
437,"绿色方块 #437",#22d100,34,209,0,110,100,81,100,0
438,"绿色方块 #438",#26e800,38,232,0,110,100,90,100,0
439,"绿色方块 #439",#29ff00,41,255,0,110,100,100,100,0
440,"深绿色方块 #440",#283329,40,51,41,121,20,20,100,0
441,"深绿色方块 #441",#3a493a,58,73,58,121,20,28,100,0
442,"深绿色方块 #442",#4c604d,76,96,77,121,20,37,100,0
443,"深绿色方块 #443",#5f775f,95,119,95,121,20,46,100,0
444,"绿色方块 #444",#708d71,112,141,113,121,20,55,100,0
445,"绿色方块 #445",#83a483,131,164,131,121,20,64,100,0
446,"绿色方块 #446",#95bb96,149,187,150,121,20,73,100,0
447,"淡绿色方块 #447",#a7d1a8,167,209,168,121,20,81,100,0
448,"淡绿色方块 #448",#b9e8ba,185,232,186,121,20,90,100,0
449,"淡绿色方块 #449",#ccffcd,204,255,205,121,20,100,100,0
450,"深绿色方块 #450",#19331a,25,51,26,121,49,20,100,0
451,"深绿色方块 #451",#244925,36,73,37,121,49,28,100,0
452,"深绿色方块 #452",#306031,48,96,49,121,49,37,100,0
453,"深绿色方块 #453",#3c773d,60,119,61,121,49,46,100,0
454,"绿色方块 #454",#478d48,71,141,72,121,49,55,100,0
455,"绿色方块 #455",#52a454,82,164,84,121,49,64,100,0
456,"绿色方块 #456",#5ebb60,94,187,96,121,49,73,100,0
457,"淡绿色方块 #457",#69d16c,105,209,108,121,49,81,100,0
458,"淡绿色方块 #458",#75e878,117,232,120,121,49,90,100,0
459,"淡绿色方块 #459",#81ff83,129,255,131,121,49,100,100,0
460,"深绿色方块 #460",#0c330d,12,51,13,121,75,20,100,0
461,"深绿色方块 #461",#124913,18,73,19,121,75,28,100,0
462,"深绿色方块 #462",#176019,23,96,25,121,75,37,100,0
463,"深绿色方块 #463",#1d771f,29,119,31,121,75,46,100,0
464,"绿色方块 #464",#228d25,34,141,37,121,75,55,100,0
465,"绿色方块 #465",#28a42b,40,164,43,121,75,64,100,0
466,"绿色方块 #466",#2ebb31,46,187,49,121,75,73,100,0
467,"绿色方块 #467",#33d137,51,209,55,121,75,81,100,0
468,"绿色方块 #468",#39e83d,57,232,61,121,75,90,100,0
469,"绿色方块 #469",#3fff43,63,255,67,121,75,100,100,0
470,"深绿色方块 #470",#003301,0,51,1,121,100,20,100,0
471,"深绿色方块 #471",#004901,0,73,1,121,100,28,100,0
472,"深绿色方块 #472",#006002,0,96,2,121,100,37,100,0
473,"深绿色方块 #473",#007702,0,119,2,121,100,46,100,0
474,"绿色方块 #474",#008d03,0,141,3,121,100,55,100,0
475,"绿色方块 #475",#00a403,0,164,3,121,100,64,100,0
476,"绿色方块 #476",#00bb04,0,187,4,121,100,73,100,0
477,"绿色方块 #477",#00d104,0,209,4,121,100,81,100,0
478,"绿色方块 #478",#00e805,0,232,5,121,100,90,100,0
479,"绿色方块 #479",#00ff06,0,255,6,121,100,100,100,0
480,"深绿宝石色方块 #480",#28332a,40,51,42,132,20,20,100,0
481,"深绿宝石色方块 #481",#3a493d,58,73,61,132,20,28,100,0
482,"深绿宝石色方块 #482",#4c6050,76,96,80,132,20,37,100,0
483,"深绿宝石色方块 #483",#5f7764,95,119,100,132,20,46,100,0
484,"绿宝石色方块 #484",#708d76,112,141,118,132,20,55,100,0
485,"绿宝石色方块 #485",#83a48a,131,164,138,132,20,64,100,0
486,"绿宝石色方块 #486",#95bb9d,149,187,157,132,20,73,100,0
487,"淡绿宝石色方块 #487",#a7d1b0,167,209,176,132,20,81,100,0
488,"淡绿宝石色方块 #488",#b9e8c3,185,232,195,132,20,90,100,0
489,"淡绿宝石色方块 #489",#ccffd6,204,255,214,132,20,100,100,0
490,"深绿宝石色方块 #490",#19331f,25,51,31,132,49,20,100,0
491,"深绿宝石色方块 #491",#24492c,36,73,44,132,49,28,100,0
492,"深绿宝石色方块 #492",#30603a,48,96,58,132,49,37,100,0
493,"深绿宝石色方块 #493",#3c7748,60,119,72,132,49,46,100,0
494,"绿宝石色方块 #494",#478d56,71,141,86,132,49,55,100,0
495,"绿宝石色方块 #495",#52a464,82,164,100,132,49,64,100,0
496,"绿宝石色方块 #496",#5ebb72,94,187,114,132,49,73,100,0
497,"淡绿宝石色方块 #497",#69d17f,105,209,127,132,49,81,100,0
498,"淡绿宝石色方块 #498",#75e88d,117,232,141,132,49,90,100,0
499,"淡绿宝石色方块 #499",#81ff9b,129,255,155,132,49,100,100,0
500,"深绿宝石色方块 #500",#0c3314,12,51,20,132,75,20,100,0
501,"深绿宝石色方块 #501",#12491d,18,73,29,132,75,28,100,0
502,"深绿宝石色方块 #502",#176027,23,96,39,132,75,37,100,0
503,"深绿宝石色方块 #503",#1d7730,29,119,48,132,75,46,100,0
504,"绿宝石色方块 #504",#228d39,34,141,57,132,75,55,100,0
505,"绿宝石色方块 #505",#28a442,40,164,66,132,75,64,100,0
506,"绿宝石色方块 #506",#2ebb4c,46,187,76,132,75,73,100,0
507,"绿宝石色方块 #507",#33d154,51,209,84,132,75,81,100,0
508,"绿宝石色方块 #508",#39e85e,57,232,94,132,75,90,100,0
509,"绿宝石色方块 #509",#3fff67,63,255,103,132,75,100,100,0
510,"深绿宝石色方块 #510",#00330a,0,51,10,132,100,20,100,0
511,"深绿宝石色方块 #511",#00490f,0,73,15,132,100,28,100,0
512,"深绿宝石色方块 #512",#006014,0,96,20,132,100,37,100,0
513,"深绿宝石色方块 #513",#007719,0,119,25,132,100,46,100,0
514,"绿宝石色方块 #514",#008d1d,0,141,29,132,100,55,100,0
515,"绿宝石色方块 #515",#00a422,0,164,34,132,100,64,100,0
516,"绿宝石色方块 #516",#00bb27,0,187,39,132,100,73,100,0
517,"绿宝石色方块 #517",#00d12c,0,209,44,132,100,81,100,0
518,"绿宝石色方块 #518",#00e831,0,232,49,132,100,90,100,0
519,"绿宝石色方块 #519",#00ff36,0,255,54,132,100,100,100,0
520,"深绿宝石色方块 #520",#28332c,40,51,44,144,20,20,100,0
521,"深绿宝石色方块 #521",#3a4940,58,73,64,144,20,28,100,0
522,"深绿宝石色方块 #522",#4c6054,76,96,84,144,20,37,100,0
523,"深绿宝石色方块 #523",#5f7768,95,119,104,144,20,46,100,0
524,"绿宝石色方块 #524",#708d7c,112,141,124,144,20,55,100,0
525,"绿宝石色方块 #525",#83a490,131,164,144,144,20,64,100,0
526,"绿宝石色方块 #526",#95bba4,149,187,164,144,20,73,100,0
527,"淡绿宝石色方块 #527",#a7d1b7,167,209,183,144,20,81,100,0
528,"淡绿宝石色方块 #528",#b9e8cc,185,232,204,144,20,90,100,0
529,"淡绿宝石色方块 #529",#ccffe0,204,255,224,144,20,100,100,0
530,"深绿宝石色方块 #530",#193323,25,51,35,144,49,20,100,0
531,"深绿宝石色方块 #531",#244933,36,73,51,144,49,28,100,0
532,"深绿宝石色方块 #532",#306043,48,96,67,144,49,37,100,0
533,"深绿宝石色方块 #533",#3c7753,60,119,83,144,49,46,100,0
534,"绿宝石色方块 #534",#478d63,71,141,99,144,49,55,100,0
535,"绿宝石色方块 #535",#52a473,82,164,115,144,49,64,100,0
536,"绿宝石色方块 #536",#5ebb83,94,187,131,144,49,73,100,0
537,"淡绿宝石色方块 #537",#69d193,105,209,147,144,49,81,100,0
538,"淡绿宝石色方块 #538",#75e8a3,117,232,163,144,49,90,100,0
539,"淡绿宝石色方块 #539",#81ffb3,129,255,179,144,49,100,100,0
540,"深绿宝石色方块 #540",#0c331b,12,51,27,144,75,20,100,0
541,"深绿宝石色方块 #541",#124928,18,73,40,144,75,28,100,0
542,"深绿宝石色方块 #542",#176034,23,96,52,144,75,37,100,0
543,"深绿宝石色方块 #543",#1d7741,29,119,65,144,75,46,100,0
544,"绿宝石色方块 #544",#228d4d,34,141,77,144,75,55,100,0
545,"绿宝石色方块 #545",#28a459,40,164,89,144,75,64,100,0
546,"绿宝石色方块 #546",#2ebb66,46,187,102,144,75,73,100,0
547,"绿宝石色方块 #547",#33d172,51,209,114,144,75,81,100,0
548,"绿宝石色方块 #548",#39e87f,57,232,127,144,75,90,100,0
549,"绿宝石色方块 #549",#3fff8b,63,255,139,144,75,100,100,0
550,"深绿宝石色方块 #550",#003314,0,51,20,144,100,20,100,0
551,"深绿宝石色方块 #551",#00491d,0,73,29,144,100,28,100,0
552,"深绿宝石色方块 #552",#006026,0,96,38,144,100,37,100,0
553,"深绿宝石色方块 #553",#00772f,0,119,47,144,100,46,100,0
554,"绿宝石色方块 #554",#008d38,0,141,56,144,100,55,100,0
555,"绿宝石色方块 #555",#00a441,0,164,65,144,100,64,100,0
556,"绿宝石色方块 #556",#00bb4a,0,187,74,144,100,73,100,0
557,"绿宝石色方块 #557",#00d153,0,209,83,144,100,81,100,0
558,"绿宝石色方块 #558",#00e85c,0,232,92,144,100,90,100,0
559,"绿宝石色方块 #559",#00ff65,0,255,101,144,100,100,100,0
560,"深绿宝石色方块 #560",#28332e,40,51,46,155,20,20,100,0
561,"深绿宝石色方块 #561",#3a4942,58,73,66,155,20,28,100,0
562,"深绿宝石色方块 #562",#4c6058,76,96,88,155,20,37,100,0
563,"深绿宝石色方块 #563",#5f776d,95,119,109,155,20,46,100,0
564,"绿宝石色方块 #564",#708d81,112,141,129,155,20,55,100,0
565,"绿宝石色方块 #565",#83a496,131,164,150,155,20,64,100,0
566,"绿宝石色方块 #566",#95bbab,149,187,171,155,20,73,100,0
567,"淡绿宝石色方块 #567",#a7d1bf,167,209,191,155,20,81,100,0
568,"淡绿宝石色方块 #568",#b9e8d4,185,232,212,155,20,90,100,0
569,"淡绿宝石色方块 #569",#ccffea,204,255,234,155,20,100,100,0
570,"深绿宝石色方块 #570",#193328,25,51,40,155,49,20,100,0
571,"深绿宝石色方块 #571",#24493a,36,73,58,155,49,28,100,0
572,"深绿宝石色方块 #572",#30604c,48,96,76,155,49,37,100,0
573,"深绿宝石色方块 #573",#3c775e,60,119,94,155,49,46,100,0
574,"绿宝石色方块 #574",#478d70,71,141,112,155,49,55,100,0
575,"绿宝石色方块 #575",#52a482,82,164,130,155,49,64,100,0
576,"绿宝石色方块 #576",#5ebb94,94,187,148,155,49,73,100,0
577,"淡绿宝石色方块 #577",#69d1a6,105,209,166,155,49,81,100,0
578,"淡绿宝石色方块 #578",#75e8b8,117,232,184,155,49,90,100,0
579,"淡绿宝石色方块 #579",#81ffcb,129,255,203,155,49,100,100,0
580,"深绿宝石色方块 #580",#0c3323,12,51,35,155,75,20,100,0
581,"深绿宝石色方块 #581",#124932,18,73,50,155,75,28,100,0
582,"深绿宝石色方块 #582",#176042,23,96,66,155,75,37,100,0
583,"深绿宝石色方块 #583",#1d7752,29,119,82,155,75,46,100,0
584,"绿宝石色方块 #584",#228d61,34,141,97,155,75,55,100,0
585,"绿宝石色方块 #585",#28a471,40,164,113,155,75,64,100,0
586,"绿宝石色方块 #586",#2ebb81,46,187,129,155,75,73,100,0
587,"绿宝石色方块 #587",#33d190,51,209,144,155,75,81,100,0
588,"绿宝石色方块 #588",#39e8a0,57,232,160,155,75,90,100,0
589,"绿宝石色方块 #589",#3fffaf,63,255,175,155,75,100,100,0
590,"深绿宝石色方块 #590",#00331e,0,51,30,155,100,20,100,0
591,"深绿宝石色方块 #591",#00492a,0,73,42,155,100,28,100,0
592,"深绿宝石色方块 #592",#006038,0,96,56,155,100,37,100,0
593,"深绿宝石色方块 #593",#007746,0,119,70,155,100,46,100,0
594,"绿宝石色方块 #594",#008d52,0,141,82,155,100,55,100,0
595,"绿宝石色方块 #595",#00a460,0,164,96,155,100,64,100,0
596,"绿宝石色方块 #596",#00bb6e,0,187,110,155,100,73,100,0
597,"绿宝石色方块 #597",#00d17a,0,209,122,155,100,81,100,0
598,"绿宝石色方块 #598",#00e888,0,232,136,155,100,90,100,0
599,"绿宝石色方块 #599",#00ff96,0,255,150,155,100,100,100,0
600,"深青色方块 #600",#283330,40,51,48,166,20,20,100,0
601,"深青色方块 #601",#3a4945,58,73,69,166,20,28,100,0
602,"深青色方块 #602",#4c605b,76,96,91,166,20,37,100,0
603,"深青色方块 #603",#5f7771,95,119,113,166,20,46,100,0
604,"青色方块 #604",#708d86,112,141,134,166,20,55,100,0
605,"青色方块 #605",#83a49c,131,164,156,166,20,64,100,0
606,"青色方块 #606",#95bbb2,149,187,178,166,20,73,100,0
607,"淡青色方块 #607",#a7d1c7,167,209,199,166,20,81,100,0
608,"淡青色方块 #608",#b9e8dd,185,232,221,166,20,90,100,0
609,"淡青色方块 #609",#ccfff3,204,255,243,166,20,100,100,0
610,"深青色方块 #610",#19332d,25,51,45,166,49,20,100,0
611,"深青色方块 #611",#244940,36,73,64,166,49,28,100,0
612,"深青色方块 #612",#306055,48,96,85,166,49,37,100,0
613,"深青色方块 #613",#3c7769,60,119,105,166,49,46,100,0
614,"青色方块 #614",#478d7d,71,141,125,166,49,55,100,0
615,"青色方块 #615",#52a491,82,164,145,166,49,64,100,0
616,"青色方块 #616",#5ebba6,94,187,166,166,49,73,100,0
617,"淡青色方块 #617",#69d1b9,105,209,185,166,49,81,100,0
618,"淡青色方块 #618",#75e8ce,117,232,206,166,49,90,100,0
619,"淡青色方块 #619",#81ffe2,129,255,226,166,49,100,100,0
620,"深青色方块 #620",#0c332a,12,51,42,166,75,20,100,0
621,"深青色方块 #621",#12493c,18,73,60,166,75,28,100,0
622,"深青色方块 #622",#17604f,23,96,79,166,75,37,100,0
623,"深青色方块 #623",#1d7762,29,119,98,166,75,46,100,0
624,"青色方块 #624",#228d75,34,141,117,166,75,55,100,0
625,"青色方块 #625",#28a488,40,164,136,166,75,64,100,0
626,"青色方块 #626",#2ebb9b,46,187,155,166,75,73,100,0
627,"青色方块 #627",#33d1ad,51,209,173,166,75,81,100,0
628,"青色方块 #628",#39e8c0,57,232,192,166,75,90,100,0
629,"青色方块 #629",#3fffd4,63,255,212,166,75,100,100,0
630,"深青色方块 #630",#003327,0,51,39,166,100,20,100,0
631,"深青色方块 #631",#004938,0,73,56,166,100,28,100,0
632,"深青色方块 #632",#00604a,0,96,74,166,100,37,100,0
633,"深青色方块 #633",#00775c,0,119,92,166,100,46,100,0
634,"青色方块 #634",#008d6d,0,141,109,166,100,55,100,0
635,"青色方块 #635",#00a47f,0,164,127,166,100,64,100,0
636,"青色方块 #636",#00bb91,0,187,145,166,100,73,100,0
637,"青色方块 #637",#00d1a2,0,209,162,166,100,81,100,0
638,"青色方块 #638",#00e8b4,0,232,180,166,100,90,100,0
639,"青色方块 #639",#00ffc5,0,255,197,166,100,100,100,0
640,"深青色方块 #640",#283332,40,51,50,177,20,20,100,0
641,"深青色方块 #641",#3a4948,58,73,72,177,20,28,100,0
642,"深青色方块 #642",#4c605f,76,96,95,177,20,37,100,0
643,"深青色方块 #643",#5f7776,95,119,118,177,20,46,100,0
644,"青色方块 #644",#708d8c,112,141,140,177,20,55,100,0
645,"青色方块 #645",#83a4a2,131,164,162,177,20,64,100,0
646,"青色方块 #646",#95bbb9,149,187,185,177,20,73,100,0
647,"淡青色方块 #647",#a7d1cf,167,209,207,177,20,81,100,0
648,"淡青色方块 #648",#b9e8e6,185,232,230,177,20,90,100,0
649,"淡青色方块 #649",#ccfffd,204,255,253,177,20,100,100,0
650,"深青色方块 #650",#193332,25,51,50,177,49,20,100,0
651,"深青色方块 #651",#244947,36,73,71,177,49,28,100,0
652,"深青色方块 #652",#30605e,48,96,94,177,49,37,100,0
653,"深青色方块 #653",#3c7774,60,119,116,177,49,46,100,0
654,"青色方块 #654",#478d8a,71,141,138,177,49,55,100,0
655,"青色方块 #655",#52a4a1,82,164,161,177,49,64,100,0
656,"青色方块 #656",#5ebbb7,94,187,183,177,49,73,100,0
657,"淡青色方块 #657",#69d1cd,105,209,205,177,49,81,100,0
658,"淡青色方块 #658",#75e8e3,117,232,227,177,49,90,100,0
659,"淡青色方块 #659",#81fffa,129,255,250,177,49,100,100,0
660,"深青色方块 #660",#0c3331,12,51,49,177,75,20,100,0
661,"深青色方块 #661",#124947,18,73,71,177,75,28,100,0
662,"深青色方块 #662",#17605d,23,96,93,177,75,37,100,0
663,"深青色方块 #663",#1d7773,29,119,115,177,75,46,100,0
664,"青色方块 #664",#228d89,34,141,137,177,75,55,100,0
665,"青色方块 #665",#28a49f,40,164,159,177,75,64,100,0
666,"青色方块 #666",#2ebbb6,46,187,182,177,75,73,100,0
667,"青色方块 #667",#33d1cb,51,209,203,177,75,81,100,0
668,"青色方块 #668",#39e8e1,57,232,225,177,75,90,100,0
669,"青色方块 #669",#3ffff8,63,255,248,177,75,100,100,0
670,"深青色方块 #670",#003331,0,51,49,177,100,20,100,0
671,"深青色方块 #671",#004946,0,73,70,177,100,28,100,0
672,"深青色方块 #672",#00605c,0,96,92,177,100,37,100,0
673,"深青色方块 #673",#007772,0,119,114,177,100,46,100,0
674,"青色方块 #674",#008d88,0,141,136,177,100,55,100,0
675,"青色方块 #675",#00a49e,0,164,158,177,100,64,100,0
676,"青色方块 #676",#00bbb4,0,187,180,177,100,73,100,0
677,"青色方块 #677",#00d1c9,0,209,201,177,100,81,100,0
678,"青色方块 #678",#00e8df,0,232,223,177,100,90,100,0
679,"青色方块 #679",#00fff5,0,255,245,177,100,100,100,0
680,"深青色方块 #680",#283133,40,49,51,189,20,20,100,0
681,"深青色方块 #681",#3a4649,58,70,73,189,20,28,100,0
682,"深青色方块 #682",#4c5d60,76,93,96,189,20,37,100,0
683,"深青色方块 #683",#5f7377,95,115,119,189,20,46,100,0
684,"青色方块 #684",#70888d,112,136,141,189,20,55,100,0
685,"青色方块 #685",#839ea4,131,158,164,189,20,64,100,0
686,"青色方块 #686",#95b5bb,149,181,187,189,20,73,100,0
687,"淡青色方块 #687",#a7cad1,167,202,209,189,20,81,100,0
688,"淡青色方块 #688",#b9e0e8,185,224,232,189,20,90,100,0
689,"淡青色方块 #689",#ccf7ff,204,247,255,189,20,100,100,0
690,"深青色方块 #690",#192f33,25,47,51,189,49,20,100,0
691,"深青色方块 #691",#244349,36,67,73,189,49,28,100,0
692,"深青色方块 #692",#305860,48,88,96,189,49,37,100,0
693,"深青色方块 #693",#3c6e77,60,110,119,189,49,46,100,0
694,"青色方块 #694",#47828d,71,130,141,189,49,55,100,0
695,"青色方块 #695",#5297a4,82,151,164,189,49,64,100,0
696,"青色方块 #696",#5eacbb,94,172,187,189,49,73,100,0
697,"淡青色方块 #697",#69c1d1,105,193,209,189,49,81,100,0
698,"淡青色方块 #698",#75d6e8,117,214,232,189,49,90,100,0
699,"淡青色方块 #699",#81ebff,129,235,255,189,49,100,100,0
700,"深青色方块 #700",#0c2d33,12,45,51,189,75,20,100,0
701,"深青色方块 #701",#124049,18,64,73,189,75,28,100,0
702,"深青色方块 #702",#175460,23,84,96,189,75,37,100,0
703,"深青色方块 #703",#1d6977,29,105,119,189,75,46,100,0
704,"青色方块 #704",#227c8d,34,124,141,189,75,55,100,0
705,"青色方块 #705",#2891a4,40,145,164,189,75,64,100,0
706,"青色方块 #706",#2ea5bb,46,165,187,189,75,73,100,0
707,"青色方块 #707",#33b8d1,51,184,209,189,75,81,100,0
708,"青色方块 #708",#39cde8,57,205,232,189,75,90,100,0
709,"青色方块 #709",#3fe1ff,63,225,255,189,75,100,100,0
710,"深青色方块 #710",#002b33,0,43,51,189,100,20,100,0
711,"深青色方块 #711",#003d49,0,61,73,189,100,28,100,0
712,"深青色方块 #712",#005160,0,81,96,189,100,37,100,0
713,"深青色方块 #713",#006477,0,100,119,189,100,46,100,0
714,"青色方块 #714",#00778d,0,119,141,189,100,55,100,0
715,"青色方块 #715",#008aa4,0,138,164,189,100,64,100,0
716,"青色方块 #716",#009ebb,0,158,187,189,100,73,100,0
717,"青色方块 #717",#00b1d1,0,177,209,189,100,81,100,0
718,"青色方块 #718",#00c4e8,0,196,232,189,100,90,100,0
719,"青色方块 #719",#00d7ff,0,215,255,189,100,100,100,0
720,"深天蓝色方块 #720",#282f33,40,47,51,200,20,20,100,0
721,"深天蓝色方块 #721",#3a4449,58,68,73,200,20,28,100,0
722,"深天蓝色方块 #722",#4c5960,76,89,96,200,20,37,100,0
723,"深天蓝色方块 #723",#5f6e77,95,110,119,200,20,46,100,0
724,"天蓝色方块 #724",#70838d,112,131,141,200,20,55,100,0
725,"天蓝色方块 #725",#8398a4,131,152,164,200,20,64,100,0
726,"天蓝色方块 #726",#95aebb,149,174,187,200,20,73,100,0
727,"淡天蓝色方块 #727",#a7c2d1,167,194,209,200,20,81,100,0
728,"淡天蓝色方块 #728",#b9d8e8,185,216,232,200,20,90,100,0
729,"淡天蓝色方块 #729",#ccedff,204,237,255,200,20,100,100,0
730,"深天蓝色方块 #730",#192a33,25,42,51,200,49,20,100,0
731,"深天蓝色方块 #731",#243c49,36,60,73,200,49,28,100,0
732,"深天蓝色方块 #732",#304f60,48,79,96,200,49,37,100,0
733,"深天蓝色方块 #733",#3c6277,60,98,119,200,49,46,100,0
734,"天蓝色方块 #734",#47758d,71,117,141,200,49,55,100,0
735,"天蓝色方块 #735",#5288a4,82,136,164,200,49,64,100,0
736,"天蓝色方块 #736",#5e9bbb,94,155,187,200,49,73,100,0
737,"淡天蓝色方块 #737",#69add1,105,173,209,200,49,81,100,0
738,"淡天蓝色方块 #738",#75c0e8,117,192,232,200,49,90,100,0
739,"淡天蓝色方块 #739",#81d4ff,129,212,255,200,49,100,100,0
740,"深天蓝色方块 #740",#0c2533,12,37,51,200,75,20,100,0
741,"深天蓝色方块 #741",#123649,18,54,73,200,75,28,100,0
742,"深天蓝色方块 #742",#174760,23,71,96,200,75,37,100,0
743,"深天蓝色方块 #743",#1d5877,29,88,119,200,75,46,100,0
744,"天蓝色方块 #744",#22688d,34,104,141,200,75,55,100,0
745,"天蓝色方块 #745",#2879a4,40,121,164,200,75,64,100,0
746,"天蓝色方块 #746",#2e8abb,46,138,187,200,75,73,100,0
747,"天蓝色方块 #747",#339bd1,51,155,209,200,75,81,100,0
748,"天蓝色方块 #748",#39ace8,57,172,232,200,75,90,100,0
749,"天蓝色方块 #749",#3fbdff,63,189,255,200,75,100,100,0
750,"深天蓝色方块 #750",#002133,0,33,51,200,100,20,100,0
751,"深天蓝色方块 #751",#003049,0,48,73,200,100,28,100,0
752,"深天蓝色方块 #752",#003f60,0,63,96,200,100,37,100,0
753,"深天蓝色方块 #753",#004e77,0,78,119,200,100,46,100,0
754,"天蓝色方块 #754",#005c8d,0,92,141,200,100,55,100,0
755,"天蓝色方块 #755",#006ca4,0,108,164,200,100,64,100,0
756,"天蓝色方块 #756",#007bbb,0,123,187,200,100,73,100,0
757,"天蓝色方块 #757",#0089d1,0,137,209,200,100,81,100,0
758,"天蓝色方块 #758",#0098e8,0,152,232,200,100,90,100,0
759,"天蓝色方块 #759",#00a7ff,0,167,255,200,100,100,100,0
760,"深天蓝色方块 #760",#282d33,40,45,51,211,20,20,100,0
761,"深天蓝色方块 #761",#3a4149,58,65,73,211,20,28,100,0
762,"深天蓝色方块 #762",#4c5560,76,85,96,211,20,37,100,0
763,"深天蓝色方块 #763",#5f6a77,95,106,119,211,20,46,100,0
764,"天蓝色方块 #764",#707e8d,112,126,141,211,20,55,100,0
765,"天蓝色方块 #765",#8392a4,131,146,164,211,20,64,100,0
766,"天蓝色方块 #766",#95a7bb,149,167,187,211,20,73,100,0
767,"淡天蓝色方块 #767",#a7bad1,167,186,209,211,20,81,100,0
768,"淡天蓝色方块 #768",#b9cfe8,185,207,232,211,20,90,100,0
769,"淡天蓝色方块 #769",#cce3ff,204,227,255,211,20,100,100,0
770,"深天蓝色方块 #770",#192533,25,37,51,211,49,20,100,0
771,"深天蓝色方块 #771",#243549,36,53,73,211,49,28,100,0
772,"深天蓝色方块 #772",#304660,48,70,96,211,49,37,100,0
773,"深天蓝色方块 #773",#3c5777,60,87,119,211,49,46,100,0
774,"天蓝色方块 #774",#47688d,71,104,141,211,49,55,100,0
775,"天蓝色方块 #775",#5279a4,82,121,164,211,49,64,100,0
776,"天蓝色方块 #776",#5e8abb,94,138,187,211,49,73,100,0
777,"淡天蓝色方块 #777",#699ad1,105,154,209,211,49,81,100,0
778,"淡天蓝色方块 #778",#75abe8,117,171,232,211,49,90,100,0
779,"淡天蓝色方块 #779",#81bcff,129,188,255,211,49,100,100,0
780,"深天蓝色方块 #780",#0c1e33,12,30,51,211,75,20,100,0
781,"深天蓝色方块 #781",#122b49,18,43,73,211,75,28,100,0
782,"深天蓝色方块 #782",#173960,23,57,96,211,75,37,100,0
783,"深天蓝色方块 #783",#1d4777,29,71,119,211,75,46,100,0
784,"天蓝色方块 #784",#22548d,34,84,141,211,75,55,100,0
785,"天蓝色方块 #785",#2862a4,40,98,164,211,75,64,100,0
786,"天蓝色方块 #786",#2e70bb,46,112,187,211,75,73,100,0
787,"天蓝色方块 #787",#337dd1,51,125,209,211,75,81,100,0
788,"天蓝色方块 #788",#398be8,57,139,232,211,75,90,100,0
789,"天蓝色方块 #789",#3f99ff,63,153,255,211,75,100,100,0
790,"深天蓝色方块 #790",#001733,0,23,51,211,100,20,100,0
791,"深天蓝色方块 #791",#002249,0,34,73,211,100,28,100,0
792,"深天蓝色方块 #792",#002d60,0,45,96,211,100,37,100,0
793,"深天蓝色方块 #793",#003777,0,55,119,211,100,46,100,0
794,"天蓝色方块 #794",#00428d,0,66,141,211,100,55,100,0
795,"天蓝色方块 #795",#004da4,0,77,164,211,100,64,100,0
796,"天蓝色方块 #796",#0057bb,0,87,187,211,100,73,100,0
797,"天蓝色方块 #797",#0062d1,0,98,209,211,100,81,100,0
798,"天蓝色方块 #798",#006de8,0,109,232,211,100,90,100,0
799,"天蓝色方块 #799",#0077ff,0,119,255,211,100,100,100,0
800,"深天蓝色方块 #800",#282b33,40,43,51,221,20,20,100,0
801,"深天蓝色方块 #801",#3a3e49,58,62,73,221,20,28,100,0
802,"深天蓝色方块 #802",#4c5260,76,82,96,221,20,37,100,0
803,"深天蓝色方块 #803",#5f6677,95,102,119,221,20,46,100,0
804,"天蓝色方块 #804",#70798d,112,121,141,221,20,55,100,0
805,"天蓝色方块 #805",#838da4,131,141,164,221,20,64,100,0
806,"天蓝色方块 #806",#95a1bb,149,161,187,221,20,73,100,0
807,"淡天蓝色方块 #807",#a7b3d1,167,179,209,221,20,81,100,0
808,"淡天蓝色方块 #808",#b9c7e8,185,199,232,221,20,90,100,0
809,"淡天蓝色方块 #809",#ccdbff,204,219,255,221,20,100,100,0
810,"深天蓝色方块 #810",#192133,25,33,51,221,49,20,100,0
811,"深天蓝色方块 #811",#242f49,36,47,73,221,49,28,100,0
812,"深天蓝色方块 #812",#303f60,48,63,96,221,49,37,100,0
813,"深天蓝色方块 #813",#3c4e77,60,78,119,221,49,46,100,0
814,"天蓝色方块 #814",#475c8d,71,92,141,221,49,55,100,0
815,"天蓝色方块 #815",#526ba4,82,107,164,221,49,64,100,0
816,"天蓝色方块 #816",#5e7abb,94,122,187,221,49,73,100,0
817,"淡天蓝色方块 #817",#6989d1,105,137,209,221,49,81,100,0
818,"淡天蓝色方块 #818",#7598e8,117,152,232,221,49,90,100,0
819,"淡天蓝色方块 #819",#81a7ff,129,167,255,221,49,100,100,0
820,"深天蓝色方块 #820",#0c1833,12,24,51,221,75,20,100,0
821,"深天蓝色方块 #821",#122249,18,34,73,221,75,28,100,0
822,"深天蓝色方块 #822",#172d60,23,45,96,221,75,37,100,0
823,"深天蓝色方块 #823",#1d3877,29,56,119,221,75,46,100,0
824,"天蓝色方块 #824",#22438d,34,67,141,221,75,55,100,0
825,"天蓝色方块 #825",#284ea4,40,78,164,221,75,64,100,0
826,"天蓝色方块 #826",#2e59bb,46,89,187,221,75,73,100,0
827,"天蓝色方块 #827",#3363d1,51,99,209,221,75,81,100,0
828,"天蓝色方块 #828",#396ee8,57,110,232,221,75,90,100,0
829,"天蓝色方块 #829",#3f79ff,63,121,255,221,75,100,100,0
830,"深天蓝色方块 #830",#000f33,0,15,51,221,100,20,100,0
831,"深天蓝色方块 #831",#001649,0,22,73,221,100,28,100,0
832,"深天蓝色方块 #832",#001d60,0,29,96,221,100,37,100,0
833,"深天蓝色方块 #833",#002477,0,36,119,221,100,46,100,0
834,"天蓝色方块 #834",#002b8d,0,43,141,221,100,55,100,0
835,"天蓝色方块 #835",#0032a4,0,50,164,221,100,64,100,0
836,"天蓝色方块 #836",#0039bb,0,57,187,221,100,73,100,0
837,"天蓝色方块 #837",#003fd1,0,63,209,221,100,81,100,0
838,"天蓝色方块 #838",#0046e8,0,70,232,221,100,90,100,0
839,"天蓝色方块 #839",#004dff,0,77,255,221,100,100,100,0
840,"深蓝色方块 #840",#282a33,40,42,51,232,20,20,100,0
841,"深蓝色方块 #841",#3a3c49,58,60,73,232,20,28,100,0
842,"深蓝色方块 #842",#4c4f60,76,79,96,232,20,37,100,0
843,"深蓝色方块 #843",#5f6177,95,97,119,232,20,46,100,0
844,"蓝色方块 #844",#70748d,112,116,141,232,20,55,100,0
845,"蓝色方块 #845",#8387a4,131,135,164,232,20,64,100,0
846,"蓝色方块 #846",#959abb,149,154,187,232,20,73,100,0
847,"淡蓝色方块 #847",#a7acd1,167,172,209,232,20,81,100,0
848,"淡蓝色方块 #848",#b9bfe8,185,191,232,232,20,90,100,0
849,"淡蓝色方块 #849",#ccd2ff,204,210,255,232,20,100,100,0
850,"深蓝色方块 #850",#191c33,25,28,51,232,49,20,100,0
851,"深蓝色方块 #851",#242949,36,41,73,232,49,28,100,0
852,"深蓝色方块 #852",#303660,48,54,96,232,49,37,100,0
853,"深蓝色方块 #853",#3c4377,60,67,119,232,49,46,100,0
854,"蓝色方块 #854",#474f8d,71,79,141,232,49,55,100,0
855,"蓝色方块 #855",#525ca4,82,92,164,232,49,64,100,0
856,"蓝色方块 #856",#5e69bb,94,105,187,232,49,73,100,0
857,"淡蓝色方块 #857",#6975d1,105,117,209,232,49,81,100,0
858,"淡蓝色方块 #858",#7582e8,117,130,232,232,49,90,100,0
859,"淡蓝色方块 #859",#818fff,129,143,255,232,49,100,100,0
860,"深蓝色方块 #860",#0c1133,12,17,51,232,75,20,100,0
861,"深蓝色方块 #861",#121849,18,24,73,232,75,28,100,0
862,"深蓝色方块 #862",#172060,23,32,96,232,75,37,100,0
863,"深蓝色方块 #863",#1d2777,29,39,119,232,75,46,100,0
864,"蓝色方块 #864",#222f8d,34,47,141,232,75,55,100,0
865,"蓝色方块 #865",#2837a4,40,55,164,232,75,64,100,0
866,"蓝色方块 #866",#2e3ebb,46,62,187,232,75,73,100,0
867,"蓝色方块 #867",#3346d1,51,70,209,232,75,81,100,0
868,"蓝色方块 #868",#394de8,57,77,232,232,75,90,100,0
869,"蓝色方块 #869",#3f55ff,63,85,255,232,75,100,100,0
870,"深蓝色方块 #870",#000533,0,5,51,232,100,20,100,0
871,"深蓝色方块 #871",#000849,0,8,73,232,100,28,100,0
872,"深蓝色方块 #872",#000b60,0,11,96,232,100,37,100,0
873,"深蓝色方块 #873",#000d77,0,13,119,232,100,46,100,0
874,"蓝色方块 #874",#00108d,0,16,141,232,100,55,100,0
875,"蓝色方块 #875",#0013a4,0,19,164,232,100,64,100,0
876,"蓝色方块 #876",#0015bb,0,21,187,232,100,73,100,0
877,"蓝色方块 #877",#0018d1,0,24,209,232,100,81,100,0
878,"蓝色方块 #878",#001be8,0,27,232,232,100,90,100,0
879,"蓝色方块 #879",#001dff,0,29,255,232,100,100,100,0
880,"深蓝色方块 #880",#292833,41,40,51,244,20,20,100,0
881,"深蓝色方块 #881",#3b3a49,59,58,73,244,20,28,100,0
882,"深蓝色方块 #882",#4e4c60,78,76,96,244,20,37,100,0
883,"深蓝色方块 #883",#605f77,96,95,119,244,20,46,100,0
884,"蓝色方块 #884",#72708d,114,112,141,244,20,55,100,0
885,"蓝色方块 #885",#8583a4,133,131,164,244,20,64,100,0
886,"蓝色方块 #886",#9895bb,152,149,187,244,20,73,100,0
887,"淡蓝色方块 #887",#aaa7d1,170,167,209,244,20,81,100,0
888,"淡蓝色方块 #888",#bcb9e8,188,185,232,244,20,90,100,0
889,"淡蓝色方块 #889",#cfccff,207,204,255,244,20,100,100,0
890,"深蓝色方块 #890",#1b1933,27,25,51,244,49,20,100,0
891,"深蓝色方块 #891",#272449,39,36,73,244,49,28,100,0
892,"深蓝色方块 #892",#333060,51,48,96,244,49,37,100,0
893,"深蓝色方块 #893",#403c77,64,60,119,244,49,46,100,0
894,"蓝色方块 #894",#4c478d,76,71,141,244,49,55,100,0
895,"蓝色方块 #895",#5852a4,88,82,164,244,49,64,100,0
896,"蓝色方块 #896",#655ebb,101,94,187,244,49,73,100,0
897,"淡蓝色方块 #897",#7169d1,113,105,209,244,49,81,100,0
898,"淡蓝色方块 #898",#7d75e8,125,117,232,244,49,90,100,0
899,"淡蓝色方块 #899",#8981ff,137,129,255,244,49,100,100,0
900,"深蓝色方块 #900",#0f0c33,15,12,51,244,75,20,100,0
901,"深蓝色方块 #901",#151249,21,18,73,244,75,28,100,0
902,"深蓝色方块 #902",#1c1760,28,23,96,244,75,37,100,0
903,"深蓝色方块 #903",#231d77,35,29,119,244,75,46,100,0
904,"蓝色方块 #904",#2a228d,42,34,141,244,75,55,100,0
905,"蓝色方块 #905",#3128a4,49,40,164,244,75,64,100,0
906,"蓝色方块 #906",#382ebb,56,46,187,244,75,73,100,0
907,"蓝色方块 #907",#3e33d1,62,51,209,244,75,81,100,0
908,"蓝色方块 #908",#4539e8,69,57,232,244,75,90,100,0
909,"蓝色方块 #909",#4c3fff,76,63,255,244,75,100,100,0
910,"深蓝色方块 #910",#030033,3,0,51,244,100,20,100,0
911,"深蓝色方块 #911",#050049,5,0,73,244,100,28,100,0
912,"深蓝色方块 #912",#060060,6,0,96,244,100,37,100,0
913,"深蓝色方块 #913",#080077,8,0,119,244,100,46,100,0
914,"蓝色方块 #914",#09008d,9,0,141,244,100,55,100,0
915,"蓝色方块 #915",#0b00a4,11,0,164,244,100,64,100,0
916,"蓝色方块 #916",#0d00bb,13,0,187,244,100,73,100,0
917,"蓝色方块 #917",#0e00d1,14,0,209,244,100,81,100,0
918,"蓝色方块 #918",#1000e8,16,0,232,244,100,90,100,0
919,"蓝色方块 #919",#1200ff,18,0,255,244,100,100,100,0
920,"深紫色方块 #920",#2b2833,43,40,51,255,20,20,100,0
921,"深紫色方块 #921",#3e3a49,62,58,73,255,20,28,100,0
922,"深紫色方块 #922",#514c60,81,76,96,255,20,37,100,0
923,"深紫色方块 #923",#655f77,101,95,119,255,20,46,100,0
924,"紫色方块 #924",#78708d,120,112,141,255,20,55,100,0
925,"紫色方块 #925",#8b83a4,139,131,164,255,20,64,100,0
926,"紫色方块 #926",#9f95bb,159,149,187,255,20,73,100,0
927,"淡紫色方块 #927",#b2a7d1,178,167,209,255,20,81,100,0
928,"淡紫色方块 #928",#c5b9e8,197,185,232,255,20,90,100,0
929,"淡紫色方块 #929",#d9ccff,217,204,255,255,20,100,100,0
930,"深紫色方块 #930",#201933,32,25,51,255,49,20,100,0
931,"深紫色方块 #931",#2e2449,46,36,73,255,49,28,100,0
932,"深紫色方块 #932",#3c3060,60,48,96,255,49,37,100,0
933,"深紫色方块 #933",#4b3c77,75,60,119,255,49,46,100,0
934,"紫色方块 #934",#59478d,89,71,141,255,49,55,100,0
935,"紫色方块 #935",#6752a4,103,82,164,255,49,64,100,0
936,"紫色方块 #936",#765ebb,118,94,187,255,49,73,100,0
937,"淡紫色方块 #937",#8469d1,132,105,209,255,49,81,100,0
938,"淡紫色方块 #938",#9375e8,147,117,232,255,49,90,100,0
939,"淡紫色方块 #939",#a181ff,161,129,255,255,49,100,100,0
940,"深紫色方块 #940",#160c33,22,12,51,255,75,20,100,0
941,"深紫色方块 #941",#201249,32,18,73,255,75,28,100,0
942,"深紫色方块 #942",#2a1760,42,23,96,255,75,37,100,0
943,"深紫色方块 #943",#341d77,52,29,119,255,75,46,100,0
944,"紫色方块 #944",#3e228d,62,34,141,255,75,55,100,0
945,"紫色方块 #945",#4828a4,72,40,164,255,75,64,100,0
946,"紫色方块 #946",#522ebb,82,46,187,255,75,73,100,0
947,"紫色方块 #947",#5c33d1,92,51,209,255,75,81,100,0
948,"紫色方块 #948",#6639e8,102,57,232,255,75,90,100,0
949,"紫色方块 #949",#703fff,112,63,255,255,75,100,100,0
950,"深紫色方块 #950",#0d0033,13,0,51,255,100,20,100,0
951,"深紫色方块 #951",#120049,18,0,73,255,100,28,100,0
952,"深紫色方块 #952",#180060,24,0,96,255,100,37,100,0
953,"深紫色方块 #953",#1e0077,30,0,119,255,100,46,100,0
954,"紫色方块 #954",#24008d,36,0,141,255,100,55,100,0
955,"紫色方块 #955",#2a00a4,42,0,164,255,100,64,100,0
956,"紫色方块 #956",#3000bb,48,0,187,255,100,73,100,0
957,"紫色方块 #957",#3600d1,54,0,209,255,100,81,100,0
958,"紫色方块 #958",#3c00e8,60,0,232,255,100,90,100,0
959,"紫色方块 #959",#4100ff,65,0,255,255,100,100,100,0
960,"深紫色方块 #960",#2d2833,45,40,51,266,20,20,100,0
961,"深紫色方块 #961",#403a49,64,58,73,266,20,28,100,0
962,"深紫色方块 #962",#554c60,85,76,96,266,20,37,100,0
963,"深紫色方块 #963",#695f77,105,95,119,266,20,46,100,0
964,"紫色方块 #964",#7d708d,125,112,141,266,20,55,100,0
965,"紫色方块 #965",#9183a4,145,131,164,266,20,64,100,0
966,"紫色方块 #966",#a695bb,166,149,187,266,20,73,100,0
967,"淡紫色方块 #967",#b9a7d1,185,167,209,266,20,81,100,0
968,"淡紫色方块 #968",#ceb9e8,206,185,232,266,20,90,100,0
969,"淡紫色方块 #969",#e2ccff,226,204,255,266,20,100,100,0
970,"深紫色方块 #970",#251933,37,25,51,266,49,20,100,0
971,"深紫色方块 #971",#352449,53,36,73,266,49,28,100,0
972,"深紫色方块 #972",#453060,69,48,96,266,49,37,100,0
973,"深紫色方块 #973",#563c77,86,60,119,266,49,46,100,0
974,"紫色方块 #974",#66478d,102,71,141,266,49,55,100,0
975,"紫色方块 #975",#7752a4,119,82,164,266,49,64,100,0
976,"紫色方块 #976",#875ebb,135,94,187,266,49,73,100,0
977,"淡紫色方块 #977",#9769d1,151,105,209,266,49,81,100,0
978,"淡紫色方块 #978",#a875e8,168,117,232,266,49,90,100,0
979,"淡紫色方块 #979",#b981ff,185,129,255,266,49,100,100,0
980,"深紫色方块 #980",#1d0c33,29,12,51,266,75,20,100,0
981,"深紫色方块 #981",#2a1249,42,18,73,266,75,28,100,0
982,"深紫色方块 #982",#381760,56,23,96,266,75,37,100,0
983,"深紫色方块 #983",#451d77,69,29,119,266,75,46,100,0
984,"紫色方块 #984",#52228d,82,34,141,266,75,55,100,0
985,"紫色方块 #985",#5f28a4,95,40,164,266,75,64,100,0
986,"紫色方块 #986",#6d2ebb,109,46,187,266,75,73,100,0
987,"紫色方块 #987",#7933d1,121,51,209,266,75,81,100,0
988,"紫色方块 #988",#8739e8,135,57,232,266,75,90,100,0
989,"紫色方块 #989",#943fff,148,63,255,266,75,100,100,0
990,"深紫色方块 #990",#160033,22,0,51,266,100,20,100,0
991,"深紫色方块 #991",#200049,32,0,73,266,100,28,100,0
992,"深紫色方块 #992",#2a0060,42,0,96,266,100,37,100,0
993,"深紫色方块 #993",#350077,53,0,119,266,100,46,100,0
994,"紫色方块 #994",#3f008d,63,0,141,266,100,55,100,0
995,"紫色方块 #995",#4900a4,73,0,164,266,100,64,100,0
996,"紫色方块 #996",#5300bb,83,0,187,266,100,73,100,0
997,"紫色方块 #997",#5d00d1,93,0,209,266,100,81,100,0
998,"紫色方块 #998",#6700e8,103,0,232,266,100,90,100,0
999,"紫色方块 #999",#7200ff,114,0,255,266,100,100,100,0
1000,"深紫色方块 #1000",#2f2833,47,40,51,278,20,20,100,0
1001,"深紫色方块 #1001",#433a49,67,58,73,278,20,28,100,0
1002,"深紫色方块 #1002",#584c60,88,76,96,278,20,37,100,0
1003,"深紫色方块 #1003",#6e5f77,110,95,119,278,20,46,100,0
1004,"紫色方块 #1004",#82708d,130,112,141,278,20,55,100,0
1005,"紫色方块 #1005",#9883a4,152,131,164,278,20,64,100,0
1006,"紫色方块 #1006",#ad95bb,173,149,187,278,20,73,100,0
1007,"淡紫色方块 #1007",#c1a7d1,193,167,209,278,20,81,100,0
1008,"淡紫色方块 #1008",#d7b9e8,215,185,232,278,20,90,100,0
1009,"淡紫色方块 #1009",#ecccff,236,204,255,278,20,100,100,0
1010,"深紫色方块 #1010",#291933,41,25,51,278,49,20,100,0
1011,"深紫色方块 #1011",#3b2449,59,36,73,278,49,28,100,0
1012,"深紫色方块 #1012",#4e3060,78,48,96,278,49,37,100,0
1013,"深紫色方块 #1013",#613c77,97,60,119,278,49,46,100,0
1014,"紫色方块 #1014",#73478d,115,71,141,278,49,55,100,0
1015,"紫色方块 #1015",#8652a4,134,82,164,278,49,64,100,0
1016,"紫色方块 #1016",#995ebb,153,94,187,278,49,73,100,0
1017,"淡紫色方块 #1017",#ab69d1,171,105,209,278,49,81,100,0
1018,"淡紫色方块 #1018",#be75e8,190,117,232,278,49,90,100,0
1019,"淡紫色方块 #1019",#d181ff,209,129,255,278,49,100,100,0
1020,"深紫色方块 #1020",#240c33,36,12,51,278,75,20,100,0
1021,"深紫色方块 #1021",#341249,52,18,73,278,75,28,100,0
1022,"深紫色方块 #1022",#451760,69,23,96,278,75,37,100,0
1023,"深紫色方块 #1023",#561d77,86,29,119,278,75,46,100,0
1024,"紫色方块 #1024",#66228d,102,34,141,278,75,55,100,0
1025,"紫色方块 #1025",#7628a4,118,40,164,278,75,64,100,0
1026,"紫色方块 #1026",#872ebb,135,46,187,278,75,73,100,0
1027,"紫色方块 #1027",#9733d1,151,51,209,278,75,81,100,0
1028,"紫色方块 #1028",#a839e8,168,57,232,278,75,90,100,0
1029,"紫色方块 #1029",#b83fff,184,63,255,278,75,100,100,0
1030,"深紫色方块 #1030",#200033,32,0,51,278,100,20,100,0
1031,"深紫色方块 #1031",#2e0049,46,0,73,278,100,28,100,0
1032,"深紫色方块 #1032",#3c0060,60,0,96,278,100,37,100,0
1033,"深紫色方块 #1033",#4b0077,75,0,119,278,100,46,100,0
1034,"紫色方块 #1034",#59008d,89,0,141,278,100,55,100,0
1035,"紫色方块 #1035",#6800a4,104,0,164,278,100,64,100,0
1036,"紫色方块 #1036",#7600bb,118,0,187,278,100,73,100,0
1037,"紫色方块 #1037",#8400d1,132,0,209,278,100,81,100,0
1038,"紫色方块 #1038",#9300e8,147,0,232,278,100,90,100,0
1039,"紫色方块 #1039",#a200ff,162,0,255,278,100,100,100,0
1040,"深品红色方块 #1040",#312833,49,40,51,289,20,20,100,0
1041,"深品红色方块 #1041",#463a49,70,58,73,289,20,28,100,0
1042,"深品红色方块 #1042",#5c4c60,92,76,96,289,20,37,100,0
1043,"深品红色方块 #1043",#725f77,114,95,119,289,20,46,100,0
1044,"品红色方块 #1044",#88708d,136,112,141,289,20,55,100,0
1045,"品红色方块 #1045",#9e83a4,158,131,164,289,20,64,100,0
1046,"品红色方块 #1046",#b495bb,180,149,187,289,20,73,100,0
1047,"淡品红色方块 #1047",#c9a7d1,201,167,209,289,20,81,100,0
1048,"淡品红色方块 #1048",#dfb9e8,223,185,232,289,20,90,100,0
1049,"淡品红色方块 #1049",#f6ccff,246,204,255,289,20,100,100,0
1050,"深品红色方块 #1050",#2e1933,46,25,51,289,49,20,100,0
1051,"深品红色方块 #1051",#422449,66,36,73,289,49,28,100,0
1052,"深品红色方块 #1052",#573060,87,48,96,289,49,37,100,0
1053,"深品红色方块 #1053",#6c3c77,108,60,119,289,49,46,100,0
1054,"品红色方块 #1054",#80478d,128,71,141,289,49,55,100,0
1055,"品红色方块 #1055",#9552a4,149,82,164,289,49,64,100,0
1056,"品红色方块 #1056",#aa5ebb,170,94,187,289,49,73,100,0
1057,"淡品红色方块 #1057",#be69d1,190,105,209,289,49,81,100,0
1058,"淡品红色方块 #1058",#d375e8,211,117,232,289,49,90,100,0
1059,"淡品红色方块 #1059",#e881ff,232,129,255,289,49,100,100,0
1060,"深品红色方块 #1060",#2c0c33,44,12,51,289,75,20,100,0
1061,"深品红色方块 #1061",#3f1249,63,18,73,289,75,28,100,0
1062,"深品红色方块 #1062",#531760,83,23,96,289,75,37,100,0
1063,"深品红色方块 #1063",#671d77,103,29,119,289,75,46,100,0
1064,"品红色方块 #1064",#7a228d,122,34,141,289,75,55,100,0
1065,"品红色方块 #1065",#8e28a4,142,40,164,289,75,64,100,0
1066,"品红色方块 #1066",#a22ebb,162,46,187,289,75,73,100,0
1067,"品红色方块 #1067",#b533d1,181,51,209,289,75,81,100,0
1068,"品红色方块 #1068",#c939e8,201,57,232,289,75,90,100,0
1069,"品红色方块 #1069",#dd3fff,221,63,255,289,75,100,100,0
1070,"深品红色方块 #1070",#2a0033,42,0,51,289,100,20,100,0
1071,"深品红色方块 #1071",#3c0049,60,0,73,289,100,28,100,0
1072,"深品红色方块 #1072",#4f0060,79,0,96,289,100,37,100,0
1073,"深品红色方块 #1073",#620077,98,0,119,289,100,46,100,0
1074,"品红色方块 #1074",#74008d,116,0,141,289,100,55,100,0
1075,"品红色方块 #1075",#8700a4,135,0,164,289,100,64,100,0
1076,"品红色方块 #1076",#9a00bb,154,0,187,289,100,73,100,0
1077,"品红色方块 #1077",#ac00d1,172,0,209,289,100,81,100,0
1078,"品红色方块 #1078",#bf00e8,191,0,232,289,100,90,100,0
1079,"品红色方块 #1079",#d200ff,210,0,255,289,100,100,100,0
1080,"深品红色方块 #1080",#332832,51,40,50,300,20,20,100,0
1081,"深品红色方块 #1081",#493a48,73,58,72,300,20,28,100,0
1082,"深品红色方块 #1082",#604c5f,96,76,95,300,20,37,100,0
1083,"深品红色方块 #1083",#775f76,119,95,118,300,20,46,100,0
1084,"品红色方块 #1084",#8d708c,141,112,140,300,20,55,100,0
1085,"品红色方块 #1085",#a483a3,164,131,163,300,20,64,100,0
1086,"品红色方块 #1086",#bb95ba,187,149,186,300,20,73,100,0
1087,"淡品红色方块 #1087",#d1a7d0,209,167,208,300,20,81,100,0
1088,"淡品红色方块 #1088",#e8b9e7,232,185,231,300,20,90,100,0
1089,"淡品红色方块 #1089",#ffccfe,255,204,254,300,20,100,100,0
1090,"深品红色方块 #1090",#331932,51,25,50,300,49,20,100,0
1091,"深品红色方块 #1091",#492448,73,36,72,300,49,28,100,0
1092,"深品红色方块 #1092",#60305f,96,48,95,300,49,37,100,0
1093,"深品红色方块 #1093",#773c76,119,60,118,300,49,46,100,0
1094,"品红色方块 #1094",#8d478c,141,71,140,300,49,55,100,0
1095,"品红色方块 #1095",#a452a3,164,82,163,300,49,64,100,0
1096,"品红色方块 #1096",#bb5eb9,187,94,185,300,49,73,100,0
1097,"淡品红色方块 #1097",#d169cf,209,105,207,300,49,81,100,0
1098,"淡品红色方块 #1098",#e875e6,232,117,230,300,49,90,100,0
1099,"淡品红色方块 #1099",#ff81fd,255,129,253,300,49,100,100,0
1100,"深品红色方块 #1100",#330c32,51,12,50,300,75,20,100,0
1101,"深品红色方块 #1101",#491248,73,18,72,300,75,28,100,0
1102,"深品红色方块 #1102",#60175f,96,23,95,300,75,37,100,0
1103,"深品红色方块 #1103",#771d75,119,29,117,300,75,46,100,0
1104,"品红色方块 #1104",#8d228b,141,34,139,300,75,55,100,0
1105,"品红色方块 #1105",#a428a2,164,40,162,300,75,64,100,0
1106,"品红色方块 #1106",#bb2eb9,187,46,185,300,75,73,100,0
1107,"品红色方块 #1107",#d133cf,209,51,207,300,75,81,100,0
1108,"品红色方块 #1108",#e839e5,232,57,229,300,75,90,100,0
1109,"品红色方块 #1109",#ff3ffc,255,63,252,300,75,100,100,0
1110,"深品红色方块 #1110",#330032,51,0,50,300,100,20,100,0
1111,"深品红色方块 #1111",#490048,73,0,72,300,100,28,100,0
1112,"深品红色方块 #1112",#60005e,96,0,94,300,100,37,100,0
1113,"深品红色方块 #1113",#770075,119,0,117,300,100,46,100,0
1114,"品红色方块 #1114",#8d008b,141,0,139,300,100,55,100,0
1115,"品红色方块 #1115",#a400a2,164,0,162,300,100,64,100,0
1116,"品红色方块 #1116",#bb00b8,187,0,184,300,100,73,100,0
1117,"品红色方块 #1117",#d100ce,209,0,206,300,100,81,100,0
1118,"品红色方块 #1118",#e800e5,232,0,229,300,100,90,100,0
1119,"品红色方块 #1119",#ff00fc,255,0,252,300,100,100,100,0
1120,"深品红色方块 #1120",#332830,51,40,48,312,20,20,100,0
1121,"深品红色方块 #1121",#493a46,73,58,70,312,20,28,100,0
1122,"深品红色方块 #1122",#604c5c,96,76,92,312,20,37,100,0
1123,"深品红色方块 #1123",#775f72,119,95,114,312,20,46,100,0
1124,"品红色方块 #1124",#8d7087,141,112,135,312,20,55,100,0
1125,"品红色方块 #1125",#a4839d,164,131,157,312,20,64,100,0
1126,"品红色方块 #1126",#bb95b3,187,149,179,312,20,73,100,0
1127,"淡品红色方块 #1127",#d1a7c8,209,167,200,312,20,81,100,0
1128,"淡品红色方块 #1128",#e8b9de,232,185,222,312,20,90,100,0
1129,"淡品红色方块 #1129",#ffccf4,255,204,244,312,20,100,100,0
1130,"深品红色方块 #1130",#33192d,51,25,45,312,49,20,100,0
1131,"深品红色方块 #1131",#492441,73,36,65,312,49,28,100,0
1132,"深品红色方块 #1132",#603056,96,48,86,312,49,37,100,0
1133,"深品红色方块 #1133",#773c6b,119,60,107,312,49,46,100,0
1134,"品红色方块 #1134",#8d477f,141,71,127,312,49,55,100,0
1135,"品红色方块 #1135",#a45293,164,82,147,312,49,64,100,0
1136,"品红色方块 #1136",#bb5ea8,187,94,168,312,49,73,100,0
1137,"淡品红色方块 #1137",#d169bc,209,105,188,312,49,81,100,0
1138,"淡品红色方块 #1138",#e875d1,232,117,209,312,49,90,100,0
1139,"淡品红色方块 #1139",#ff81e5,255,129,229,312,49,100,100,0
1140,"深品红色方块 #1140",#330c2b,51,12,43,312,75,20,100,0
1141,"深品红色方块 #1141",#49123e,73,18,62,312,75,28,100,0
1142,"深品红色方块 #1142",#601751,96,23,81,312,75,37,100,0
1143,"深品红色方块 #1143",#771d65,119,29,101,312,75,46,100,0
1144,"品红色方块 #1144",#8d2277,141,34,119,312,75,55,100,0
1145,"品红色方块 #1145",#a4288b,164,40,139,312,75,64,100,0
1146,"品红色方块 #1146",#bb2e9e,187,46,158,312,75,73,100,0
1147,"品红色方块 #1147",#d133b1,209,51,177,312,75,81,100,0
1148,"品红色方块 #1148",#e839c5,232,57,197,312,75,90,100,0
1149,"品红色方块 #1149",#ff3fd8,255,63,216,312,75,100,100,0
1150,"深品红色方块 #1150",#330028,51,0,40,312,100,20,100,0
1151,"深品红色方块 #1151",#49003a,73,0,58,312,100,28,100,0
1152,"深品红色方块 #1152",#60004c,96,0,76,312,100,37,100,0
1153,"深品红色方块 #1153",#77005f,119,0,95,312,100,46,100,0
1154,"品红色方块 #1154",#8d0070,141,0,112,312,100,55,100,0
1155,"品红色方块 #1155",#a40083,164,0,131,312,100,64,100,0
1156,"品红色方块 #1156",#bb0095,187,0,149,312,100,73,100,0
1157,"品红色方块 #1157",#d100a7,209,0,167,312,100,81,100,0
1158,"品红色方块 #1158",#e800b9,232,0,185,312,100,90,100,0
1159,"品红色方块 #1159",#ff00cb,255,0,203,312,100,100,100,0
1160,"深粉色方块 #1160",#33282f,51,40,47,323,20,20,100,0
1161,"深粉色方块 #1161",#493a43,73,58,67,323,20,28,100,0
1162,"深粉色方块 #1162",#604c58,96,76,88,323,20,37,100,0
1163,"深粉色方块 #1163",#775f6d,119,95,109,323,20,46,100,0
1164,"粉色方块 #1164",#8d7082,141,112,130,323,20,55,100,0
1165,"粉色方块 #1165",#a48397,164,131,151,323,20,64,100,0
1166,"粉色方块 #1166",#bb95ac,187,149,172,323,20,73,100,0
1167,"淡粉色方块 #1167",#d1a7c0,209,167,192,323,20,81,100,0
1168,"淡粉色方块 #1168",#e8b9d5,232,185,213,323,20,90,100,0
1169,"淡粉色方块 #1169",#ffcceb,255,204,235,323,20,100,100,0
1170,"深粉色方块 #1170",#331929,51,25,41,323,49,20,100,0
1171,"深粉色方块 #1171",#49243a,73,36,58,323,49,28,100,0
1172,"深粉色方块 #1172",#60304d,96,48,77,323,49,37,100,0
1173,"深粉色方块 #1173",#773c60,119,60,96,323,49,46,100,0
1174,"粉色方块 #1174",#8d4771,141,71,113,323,49,55,100,0
1175,"粉色方块 #1175",#a45284,164,82,132,323,49,64,100,0
1176,"粉色方块 #1176",#bb5e97,187,94,151,323,49,73,100,0
1177,"淡粉色方块 #1177",#d169a8,209,105,168,323,49,81,100,0
1178,"淡粉色方块 #1178",#e875bb,232,117,187,323,49,90,100,0
1179,"淡粉色方块 #1179",#ff81ce,255,129,206,323,49,100,100,0
1180,"深粉色方块 #1180",#330c24,51,12,36,323,75,20,100,0
1181,"深粉色方块 #1181",#491233,73,18,51,323,75,28,100,0
1182,"深粉色方块 #1182",#601743,96,23,67,323,75,37,100,0
1183,"深粉色方块 #1183",#771d54,119,29,84,323,75,46,100,0
1184,"粉色方块 #1184",#8d2263,141,34,99,323,75,55,100,0
1185,"粉色方块 #1185",#a42874,164,40,116,323,75,64,100,0
1186,"粉色方块 #1186",#bb2e84,187,46,132,323,75,73,100,0
1187,"粉色方块 #1187",#d13393,209,51,147,323,75,81,100,0
1188,"粉色方块 #1188",#e839a4,232,57,164,323,75,90,100,0
1189,"粉色方块 #1189",#ff3fb4,255,63,180,323,75,100,100,0
1190,"深粉色方块 #1190",#33001f,51,0,31,323,100,20,100,0
1191,"深粉色方块 #1191",#49002c,73,0,44,323,100,28,100,0
1192,"深粉色方块 #1192",#60003a,96,0,58,323,100,37,100,0
1193,"深粉色方块 #1193",#770048,119,0,72,323,100,46,100,0
1194,"粉色方块 #1194",#8d0056,141,0,86,323,100,55,100,0
1195,"粉色方块 #1195",#a40064,164,0,100,323,100,64,100,0
1196,"粉色方块 #1196",#bb0072,187,0,114,323,100,73,100,0
1197,"粉色方块 #1197",#d1007f,209,0,127,323,100,81,100,0
1198,"粉色方块 #1198",#e8008d,232,0,141,323,100,90,100,0
1199,"粉色方块 #1199",#ff009b,255,0,155,323,100,100,100,0
1200,"深粉色方块 #1200",#33282d,51,40,45,333,20,20,100,0
1201,"深粉色方块 #1201",#493a40,73,58,64,333,20,28,100,0
1202,"深粉色方块 #1202",#604c55,96,76,85,333,20,37,100,0
1203,"深粉色方块 #1203",#775f69,119,95,105,333,20,46,100,0
1204,"粉色方块 #1204",#8d707d,141,112,125,333,20,55,100,0
1205,"粉色方块 #1205",#a48391,164,131,145,333,20,64,100,0
1206,"粉色方块 #1206",#bb95a6,187,149,166,333,20,73,100,0
1207,"淡粉色方块 #1207",#d1a7b9,209,167,185,333,20,81,100,0
1208,"淡粉色方块 #1208",#e8b9ce,232,185,206,333,20,90,100,0
1209,"淡粉色方块 #1209",#ffcce2,255,204,226,333,20,100,100,0
1210,"深粉色方块 #1210",#331925,51,25,37,333,49,20,100,0
1211,"深粉色方块 #1211",#492435,73,36,53,333,49,28,100,0
1212,"深粉色方块 #1212",#603045,96,48,69,333,49,37,100,0
1213,"深粉色方块 #1213",#773c56,119,60,86,333,49,46,100,0
1214,"粉色方块 #1214",#8d4766,141,71,102,333,49,55,100,0
1215,"粉色方块 #1215",#a45277,164,82,119,333,49,64,100,0
1216,"粉色方块 #1216",#bb5e87,187,94,135,333,49,73,100,0
1217,"淡粉色方块 #1217",#d16997,209,105,151,333,49,81,100,0
1218,"淡粉色方块 #1218",#e875a8,232,117,168,333,49,90,100,0
1219,"淡粉色方块 #1219",#ff81b9,255,129,185,333,49,100,100,0
1220,"深粉色方块 #1220",#330c1d,51,12,29,333,75,20,100,0
1221,"深粉色方块 #1221",#49122a,73,18,42,333,75,28,100,0
1222,"深粉色方块 #1222",#601738,96,23,56,333,75,37,100,0
1223,"深粉色方块 #1223",#771d45,119,29,69,333,75,46,100,0
1224,"粉色方块 #1224",#8d2252,141,34,82,333,75,55,100,0
1225,"粉色方块 #1225",#a4285f,164,40,95,333,75,64,100,0
1226,"粉色方块 #1226",#bb2e6d,187,46,109,333,75,73,100,0
1227,"粉色方块 #1227",#d13379,209,51,121,333,75,81,100,0
1228,"粉色方块 #1228",#e83987,232,57,135,333,75,90,100,0
1229,"粉色方块 #1229",#ff3f94,255,63,148,333,75,100,100,0
1230,"深粉色方块 #1230",#330016,51,0,22,333,100,20,100,0
1231,"深粉色方块 #1231",#490020,73,0,32,333,100,28,100,0
1232,"深粉色方块 #1232",#60002a,96,0,42,333,100,37,100,0
1233,"深粉色方块 #1233",#770035,119,0,53,333,100,46,100,0
1234,"粉色方块 #1234",#8d003f,141,0,63,333,100,55,100,0
1235,"粉色方块 #1235",#a40049,164,0,73,333,100,64,100,0
1236,"粉色方块 #1236",#bb0053,187,0,83,333,100,73,100,0
1237,"粉色方块 #1237",#d1005d,209,0,93,333,100,81,100,0
1238,"粉色方块 #1238",#e80067,232,0,103,333,100,90,100,0
1239,"粉色方块 #1239",#ff0072,255,0,114,333,100,100,100,0
1240,"深粉色方块 #1240",#33282b,51,40,43,344,20,20,100,0
1241,"深粉色方块 #1241",#493a3e,73,58,62,344,20,28,100,0
1242,"深粉色方块 #1242",#604c51,96,76,81,344,20,37,100,0
1243,"深粉色方块 #1243",#775f65,119,95,101,344,20,46,100,0
1244,"粉色方块 #1244",#8d7078,141,112,120,344,20,55,100,0
1245,"粉色方块 #1245",#a4838b,164,131,139,344,20,64,100,0
1246,"粉色方块 #1246",#bb959f,187,149,159,344,20,73,100,0
1247,"淡粉色方块 #1247",#d1a7b2,209,167,178,344,20,81,100,0
1248,"淡粉色方块 #1248",#e8b9c5,232,185,197,344,20,90,100,0
1249,"淡粉色方块 #1249",#ffccd9,255,204,217,344,20,100,100,0
1250,"深粉色方块 #1250",#331920,51,25,32,344,49,20,100,0
1251,"深粉色方块 #1251",#49242e,73,36,46,344,49,28,100,0
1252,"深粉色方块 #1252",#60303c,96,48,60,344,49,37,100,0
1253,"深粉色方块 #1253",#773c4b,119,60,75,344,49,46,100,0
1254,"粉色方块 #1254",#8d4759,141,71,89,344,49,55,100,0
1255,"粉色方块 #1255",#a45267,164,82,103,344,49,64,100,0
1256,"粉色方块 #1256",#bb5e76,187,94,118,344,49,73,100,0
1257,"淡粉色方块 #1257",#d16984,209,105,132,344,49,81,100,0
1258,"淡粉色方块 #1258",#e87593,232,117,147,344,49,90,100,0
1259,"淡粉色方块 #1259",#ff81a1,255,129,161,344,49,100,100,0
1260,"深粉色方块 #1260",#330c16,51,12,22,344,75,20,100,0
1261,"深粉色方块 #1261",#491220,73,18,32,344,75,28,100,0
1262,"深粉色方块 #1262",#60172a,96,23,42,344,75,37,100,0
1263,"深粉色方块 #1263",#771d34,119,29,52,344,75,46,100,0
1264,"粉色方块 #1264",#8d223e,141,34,62,344,75,55,100,0
1265,"粉色方块 #1265",#a42848,164,40,72,344,75,64,100,0
1266,"粉色方块 #1266",#bb2e52,187,46,82,344,75,73,100,0
1267,"粉色方块 #1267",#d1335c,209,51,92,344,75,81,100,0
1268,"粉色方块 #1268",#e83966,232,57,102,344,75,90,100,0
1269,"粉色方块 #1269",#ff3f70,255,63,112,344,75,100,100,0
1270,"深粉色方块 #1270",#33000d,51,0,13,344,100,20,100,0
1271,"深粉色方块 #1271",#490012,73,0,18,344,100,28,100,0
1272,"深粉色方块 #1272",#600018,96,0,24,344,100,37,100,0
1273,"深粉色方块 #1273",#77001e,119,0,30,344,100,46,100,0
1274,"粉色方块 #1274",#8d0024,141,0,36,344,100,55,100,0
1275,"粉色方块 #1275",#a4002a,164,0,42,344,100,64,100,0
1276,"粉色方块 #1276",#bb0030,187,0,48,344,100,73,100,0
1277,"粉色方块 #1277",#d10036,209,0,54,344,100,81,100,0
1278,"粉色方块 #1278",#e8003c,232,0,60,344,100,90,100,0
1279,"粉色方块 #1279",#ff0041,255,0,65,344,100,100,100,0
1280,"黑色方块 #1280",#333333,51,51,51,0,0,20,100,0
1281,"灰色方块 #1281",#494949,73,73,73,0,0,28,100,0
1282,"灰色方块 #1282",#606060,96,96,96,0,0,37,100,0
1283,"灰色方块 #1283",#777777,119,119,119,0,0,46,100,0
1284,"银色方块 #1284",#8d8d8d,141,141,141,0,0,55,100,0
1285,"银色方块 #1285",#a4a4a4,164,164,164,0,0,64,100,0
1286,"银色方块 #1286",#bbbbbb,187,187,187,0,0,73,100,0
1287,"白色方块 #1287",#d1d1d1,209,209,209,0,0,81,100,0
1288,"白色方块 #1288",#e8e8e8,232,232,232,0,0,90,100,0
1289,"白色方块 #1289",#ffffff,255,255,255,0,0,100,100,0
0,"透明 深红色方块 #0",#332828,51,40,40,0,20,20,50,0
1,"透明 深红色方块 #1",#493a3a,73,58,58,0,20,28,50,0
2,"透明 深红色方块 #2",#604c4c,96,76,76,0,20,37,50,0
3,"透明 深红色方块 #3",#775f5f,119,95,95,0,20,46,50,0
4,"透明 红色方块 #4",#8d7070,141,112,112,0,20,55,50,0
5,"透明 红色方块 #5",#a48383,164,131,131,0,20,64,50,0
6,"透明 红色方块 #6",#bb9595,187,149,149,0,20,73,50,0
7,"透明 淡红色方块 #7",#d1a7a7,209,167,167,0,20,81,50,0
8,"透明 淡红色方块 #8",#e8b9b9,232,185,185,0,20,90,50,0
9,"透明 淡红色方块 #9",#ffcccc,255,204,204,0,20,100,50,0
10,"透明 深红色方块 #10",#331919,51,25,25,0,49,20,50,0
11,"透明 深红色方块 #11",#492424,73,36,36,0,49,28,50,0
12,"透明 深红色方块 #12",#603030,96,48,48,0,49,37,50,0
13,"透明 深红色方块 #13",#773c3c,119,60,60,0,49,46,50,0
14,"透明 红色方块 #14",#8d4747,141,71,71,0,49,55,50,0
15,"透明 红色方块 #15",#a45252,164,82,82,0,49,64,50,0
16,"透明 红色方块 #16",#bb5e5e,187,94,94,0,49,73,50,0
17,"透明 淡红色方块 #17",#d16969,209,105,105,0,49,81,50,0
18,"透明 淡红色方块 #18",#e87575,232,117,117,0,49,90,50,0
19,"透明 淡红色方块 #19",#ff8181,255,129,129,0,49,100,50,0
20,"透明 深红色方块 #20",#330c0c,51,12,12,0,75,20,50,0
21,"透明 深红色方块 #21",#491212,73,18,18,0,75,28,50,0
22,"透明 深红色方块 #22",#601717,96,23,23,0,75,37,50,0
23,"透明 深红色方块 #23",#771d1d,119,29,29,0,75,46,50,0
24,"透明 红色方块 #24",#8d2222,141,34,34,0,75,55,50,0
25,"透明 红色方块 #25",#a42828,164,40,40,0,75,64,50,0
26,"透明 红色方块 #26",#bb2e2e,187,46,46,0,75,73,50,0
27,"透明 红色方块 #27",#d13333,209,51,51,0,75,81,50,0
28,"透明 红色方块 #28",#e83939,232,57,57,0,75,90,50,0
29,"透明 红色方块 #29",#ff3f3f,255,63,63,0,75,100,50,0
30,"透明 深红色方块 #30",#330000,51,0,0,0,100,20,50,0
31,"透明 深红色方块 #31",#490000,73,0,0,0,100,28,50,0
32,"透明 深红色方块 #32",#600000,96,0,0,0,100,37,50,0
33,"透明 深红色方块 #33",#770000,119,0,0,0,100,46,50,0
34,"透明 红色方块 #34",#8d0000,141,0,0,0,100,55,50,0
35,"透明 红色方块 #35",#a40000,164,0,0,0,100,64,50,0
36,"透明 红色方块 #36",#bb0000,187,0,0,0,100,73,50,0
37,"透明 红色方块 #37",#d10000,209,0,0,0,100,81,50,0
38,"透明 红色方块 #38",#e80000,232,0,0,0,100,90,50,0
39,"透明 红色方块 #39",#ff0000,255,0,0,0,100,100,50,0
40,"透明 深红色方块 #40",#332a28,51,42,40,9,20,20,50,0
41,"透明 深红色方块 #41",#493c3a,73,60,58,9,20,28,50,0
42,"透明 深红色方块 #42",#604f4c,96,79,76,9,20,37,50,0
43,"透明 深红色方块 #43",#77635f,119,99,95,9,20,46,50,0
44,"透明 红色方块 #44",#8d7570,141,117,112,9,20,55,50,0
45,"透明 红色方块 #45",#a48883,164,136,131,9,20,64,50,0
46,"透明 红色方块 #46",#bb9b95,187,155,149,9,20,73,50,0
47,"透明 淡红色方块 #47",#d1aea7,209,174,167,9,20,81,50,0
48,"透明 淡红色方块 #48",#e8c1b9,232,193,185,9,20,90,50,0
49,"透明 淡红色方块 #49",#ffd4cc,255,212,204,9,20,100,50,0
50,"透明 深红色方块 #50",#331d19,51,29,25,9,49,20,50,0
51,"透明 深红色方块 #51",#492a24,73,42,36,9,49,28,50,0
52,"透明 深红色方块 #52",#603830,96,56,48,9,49,37,50,0
53,"透明 深红色方块 #53",#77453c,119,69,60,9,49,46,50,0
54,"透明 红色方块 #54",#8d5247,141,82,71,9,49,55,50,0
55,"透明 红色方块 #55",#a46052,164,96,82,9,49,64,50,0
56,"透明 红色方块 #56",#bb6d5e,187,109,94,9,49,73,50,0
57,"透明 淡红色方块 #57",#d17a69,209,122,105,9,49,81,50,0
58,"透明 淡红色方块 #58",#e88875,232,136,117,9,49,90,50,0
59,"透明 淡红色方块 #59",#ff9581,255,149,129,9,49,100,50,0
60,"透明 深红色方块 #60",#33120c,51,18,12,9,75,20,50,0
61,"透明 深红色方块 #61",#491b12,73,27,18,9,75,28,50,0
62,"透明 深红色方块 #62",#602317,96,35,23,9,75,37,50,0
63,"透明 深红色方块 #63",#772c1d,119,44,29,9,75,46,50,0
64,"透明 红色方块 #64",#8d3422,141,52,34,9,75,55,50,0
65,"透明 红色方块 #65",#a43c28,164,60,40,9,75,64,50,0
66,"透明 红色方块 #66",#bb452e,187,69,46,9,75,73,50,0
67,"透明 红色方块 #67",#d14d33,209,77,51,9,75,81,50,0
68,"透明 红色方块 #68",#e85639,232,86,57,9,75,90,50,0
69,"透明 红色方块 #69",#ff5e3f,255,94,63,9,75,100,50,0
70,"透明 深红色方块 #70",#330800,51,8,0,9,100,20,50,0
71,"透明 深红色方块 #71",#490c00,73,12,0,9,100,28,50,0
72,"透明 深红色方块 #72",#600f00,96,15,0,9,100,37,50,0
73,"透明 深红色方块 #73",#771300,119,19,0,9,100,46,50,0
74,"透明 红色方块 #74",#8d1700,141,23,0,9,100,55,50,0
75,"透明 红色方块 #75",#a41b00,164,27,0,9,100,64,50,0
76,"透明 红色方块 #76",#bb1e00,187,30,0,9,100,73,50,0
77,"透明 红色方块 #77",#d12200,209,34,0,9,100,81,50,0
78,"透明 红色方块 #78",#e82600,232,38,0,9,100,90,50,0
79,"透明 红色方块 #79",#ff2900,255,41,0,9,100,100,50,0
80,"透明 深橙色方块 #80",#332c28,51,44,40,21,20,20,50,0
81,"透明 深橙色方块 #81",#493f3a,73,63,58,21,20,28,50,0
82,"透明 深橙色方块 #82",#60534c,96,83,76,21,20,37,50,0
83,"透明 深橙色方块 #83",#77675f,119,103,95,21,20,46,50,0
84,"透明 橙色方块 #84",#8d7a70,141,122,112,21,20,55,50,0
85,"透明 橙色方块 #85",#a48e83,164,142,131,21,20,64,50,0
86,"透明 橙色方块 #86",#bba295,187,162,149,21,20,73,50,0
87,"透明 淡橙色方块 #87",#d1b5a7,209,181,167,21,20,81,50,0
88,"透明 淡橙色方块 #88",#e8c9b9,232,201,185,21,20,90,50,0
89,"透明 淡橙色方块 #89",#ffdecc,255,222,204,21,20,100,50,0
90,"透明 深橙色方块 #90",#332219,51,34,25,21,49,20,50,0
91,"透明 深橙色方块 #91",#493124,73,49,36,21,49,28,50,0
92,"透明 深橙色方块 #92",#604130,96,65,48,21,49,37,50,0
93,"透明 深橙色方块 #93",#77503c,119,80,60,21,49,46,50,0
94,"透明 橙色方块 #94",#8d5f47,141,95,71,21,49,55,50,0
95,"透明 橙色方块 #95",#a46f52,164,111,82,21,49,64,50,0
96,"透明 橙色方块 #96",#bb7f5e,187,127,94,21,49,73,50,0
97,"透明 淡橙色方块 #97",#d18e69,209,142,105,21,49,81,50,0
98,"透明 淡橙色方块 #98",#e89d75,232,157,117,21,49,90,50,0
99,"透明 淡橙色方块 #99",#ffad81,255,173,129,21,49,100,50,0
100,"透明 深橙色方块 #100",#331a0c,51,26,12,21,75,20,50,0
101,"透明 深橙色方块 #101",#492512,73,37,18,21,75,28,50,0
102,"透明 深橙色方块 #102",#603117,96,49,23,21,75,37,50,0
103,"透明 深橙色方块 #103",#773d1d,119,61,29,21,75,46,50,0
104,"透明 橙色方块 #104",#8d4822,141,72,34,21,75,55,50,0
105,"透明 橙色方块 #105",#a45428,164,84,40,21,75,64,50,0
106,"透明 橙色方块 #106",#bb5f2e,187,95,46,21,75,73,50,0
107,"透明 橙色方块 #107",#d16b33,209,107,51,21,75,81,50,0
108,"透明 橙色方块 #108",#e87639,232,118,57,21,75,90,50,0
109,"透明 橙色方块 #109",#ff823f,255,130,63,21,75,100,50,0
110,"透明 深橙色方块 #110",#331200,51,18,0,21,100,20,50,0
111,"透明 深橙色方块 #111",#491900,73,25,0,21,100,28,50,0
112,"透明 深橙色方块 #112",#602100,96,33,0,21,100,37,50,0
113,"透明 深橙色方块 #113",#772a00,119,42,0,21,100,46,50,0
114,"透明 橙色方块 #114",#8d3100,141,49,0,21,100,55,50,0
115,"透明 橙色方块 #115",#a43900,164,57,0,21,100,64,50,0
116,"透明 橙色方块 #116",#bb4100,187,65,0,21,100,73,50,0
117,"透明 橙色方块 #117",#d14900,209,73,0,21,100,81,50,0
118,"透明 橙色方块 #118",#e85100,232,81,0,21,100,90,50,0
119,"透明 橙色方块 #119",#ff5900,255,89,0,21,100,100,50,0
120,"透明 深橙色方块 #120",#332e28,51,46,40,32,20,20,50,0
121,"透明 深橙色方块 #121",#49423a,73,66,58,32,20,28,50,0
122,"透明 深橙色方块 #122",#60574c,96,87,76,32,20,37,50,0
123,"透明 深橙色方块 #123",#776c5f,119,108,95,32,20,46,50,0
124,"透明 橙色方块 #124",#8d8070,141,128,112,32,20,55,50,0
125,"透明 橙色方块 #125",#a49483,164,148,131,32,20,64,50,0
126,"透明 橙色方块 #126",#bba995,187,169,149,32,20,73,50,0
127,"透明 淡橙色方块 #127",#d1bda7,209,189,167,32,20,81,50,0
128,"透明 淡橙色方块 #128",#e8d2b9,232,210,185,32,20,90,50,0
129,"透明 淡橙色方块 #129",#ffe7cc,255,231,204,32,20,100,50,0
130,"透明 深橙色方块 #130",#332719,51,39,25,32,49,20,50,0
131,"透明 深橙色方块 #131",#493824,73,56,36,32,49,28,50,0
132,"透明 深橙色方块 #132",#604a30,96,74,48,32,49,37,50,0
133,"透明 深橙色方块 #133",#775c3c,119,92,60,32,49,46,50,0
134,"透明 橙色方块 #134",#8d6d47,141,109,71,32,49,55,50,0
135,"透明 橙色方块 #135",#a47e52,164,126,82,32,49,64,50,0
136,"透明 橙色方块 #136",#bb905e,187,144,94,32,49,73,50,0
137,"透明 淡橙色方块 #137",#d1a169,209,161,105,32,49,81,50,0
138,"透明 淡橙色方块 #138",#e8b375,232,179,117,32,49,90,50,0
139,"透明 淡橙色方块 #139",#ffc581,255,197,129,32,49,100,50,0
140,"透明 深橙色方块 #140",#33210c,51,33,12,32,75,20,50,0
141,"透明 深橙色方块 #141",#492f12,73,47,18,32,75,28,50,0
142,"透明 深橙色方块 #142",#603e17,96,62,23,32,75,37,50,0
143,"透明 深橙色方块 #143",#774d1d,119,77,29,32,75,46,50,0
144,"透明 橙色方块 #144",#8d5c22,141,92,34,32,75,55,50,0
145,"透明 橙色方块 #145",#a46b28,164,107,40,32,75,64,50,0
146,"透明 橙色方块 #146",#bb7a2e,187,122,46,32,75,73,50,0
147,"透明 橙色方块 #147",#d18833,209,136,51,32,75,81,50,0
148,"透明 橙色方块 #148",#e89739,232,151,57,32,75,90,50,0
149,"透明 橙色方块 #149",#ffa63f,255,166,63,32,75,100,50,0
150,"透明 深橙色方块 #150",#331b00,51,27,0,32,100,20,50,0
151,"透明 深橙色方块 #151",#492700,73,39,0,32,100,28,50,0
152,"透明 深橙色方块 #152",#603300,96,51,0,32,100,37,50,0
153,"透明 深橙色方块 #153",#774000,119,64,0,32,100,46,50,0
154,"透明 橙色方块 #154",#8d4c00,141,76,0,32,100,55,50,0
155,"透明 橙色方块 #155",#a45800,164,88,0,32,100,64,50,0
156,"透明 橙色方块 #156",#bb6500,187,101,0,32,100,73,50,0
157,"透明 橙色方块 #157",#d17100,209,113,0,32,100,81,50,0
158,"透明 橙色方块 #158",#e87d00,232,125,0,32,100,90,50,0
159,"透明 橙色方块 #159",#ff8a00,255,138,0,32,100,100,50,0
160,"透明 深橙色方块 #160",#333028,51,48,40,43,20,20,50,0
161,"透明 深橙色方块 #161",#49453a,73,69,58,43,20,28,50,0
162,"透明 深橙色方块 #162",#605a4c,96,90,76,43,20,37,50,0
163,"透明 深橙色方块 #163",#77705f,119,112,95,43,20,46,50,0
164,"透明 橙色方块 #164",#8d8570,141,133,112,43,20,55,50,0
165,"透明 橙色方块 #165",#a49b83,164,155,131,43,20,64,50,0
166,"透明 橙色方块 #166",#bbb095,187,176,149,43,20,73,50,0
167,"透明 淡橙色方块 #167",#d1c5a7,209,197,167,43,20,81,50,0
168,"透明 淡橙色方块 #168",#e8dbb9,232,219,185,43,20,90,50,0
169,"透明 淡橙色方块 #169",#fff1cc,255,241,204,43,20,100,50,0
170,"透明 深橙色方块 #170",#332c19,51,44,25,43,49,20,50,0
171,"透明 深橙色方块 #171",#493f24,73,63,36,43,49,28,50,0
172,"透明 深橙色方块 #172",#605330,96,83,48,43,49,37,50,0
173,"透明 深橙色方块 #173",#77673c,119,103,60,43,49,46,50,0
174,"透明 橙色方块 #174",#8d7a47,141,122,71,43,49,55,50,0
175,"透明 橙色方块 #175",#a48e52,164,142,82,43,49,64,50,0
176,"透明 橙色方块 #176",#bba15e,187,161,94,43,49,73,50,0
177,"透明 淡橙色方块 #177",#d1b569,209,181,105,43,49,81,50,0
178,"透明 淡橙色方块 #178",#e8c875,232,200,117,43,49,90,50,0
179,"透明 淡橙色方块 #179",#ffdc81,255,220,129,43,49,100,50,0
180,"透明 深橙色方块 #180",#33280c,51,40,12,43,75,20,50,0
181,"透明 深橙色方块 #181",#493a12,73,58,18,43,75,28,50,0
182,"透明 深橙色方块 #182",#604c17,96,76,23,43,75,37,50,0
183,"透明 深橙色方块 #183",#775e1d,119,94,29,43,75,46,50,0
184,"透明 橙色方块 #184",#8d7022,141,112,34,43,75,55,50,0
185,"透明 橙色方块 #185",#a48228,164,130,40,43,75,64,50,0
186,"透明 橙色方块 #186",#bb942e,187,148,46,43,75,73,50,0
187,"透明 橙色方块 #187",#d1a633,209,166,51,43,75,81,50,0
188,"透明 橙色方块 #188",#e8b839,232,184,57,43,75,90,50,0
189,"透明 橙色方块 #189",#ffcb3f,255,203,63,43,75,100,50,0
190,"透明 深橙色方块 #190",#332500,51,37,0,43,100,20,50,0
191,"透明 深橙色方块 #191",#493500,73,53,0,43,100,28,50,0
192,"透明 深橙色方块 #192",#604600,96,70,0,43,100,37,50,0
193,"透明 深橙色方块 #193",#775600,119,86,0,43,100,46,50,0
194,"透明 橙色方块 #194",#8d6600,141,102,0,43,100,55,50,0
195,"透明 橙色方块 #195",#a47700,164,119,0,43,100,64,50,0
196,"透明 橙色方块 #196",#bb8800,187,136,0,43,100,73,50,0
197,"透明 橙色方块 #197",#d19800,209,152,0,43,100,81,50,0
198,"透明 橙色方块 #198",#e8a900,232,169,0,43,100,90,50,0
199,"透明 橙色方块 #199",#ffba00,255,186,0,43,100,100,50,0
200,"透明 深黄色方块 #200",#333228,51,50,40,55,20,20,50,0
201,"透明 深黄色方块 #201",#49473a,73,71,58,55,20,28,50,0
202,"透明 深黄色方块 #202",#605e4c,96,94,76,55,20,37,50,0
203,"透明 深黄色方块 #203",#77755f,119,117,95,55,20,46,50,0
204,"透明 黄色方块 #204",#8d8a70,141,138,112,55,20,55,50,0
205,"透明 黄色方块 #205",#a4a183,164,161,131,55,20,64,50,0
206,"透明 黄色方块 #206",#bbb795,187,183,149,55,20,73,50,0
207,"透明 淡黄色方块 #207",#d1cda7,209,205,167,55,20,81,50,0
208,"透明 淡黄色方块 #208",#e8e4b9,232,228,185,55,20,90,50,0
209,"透明 淡黄色方块 #209",#fffacc,255,250,204,55,20,100,50,0
210,"透明 深黄色方块 #210",#333019,51,48,25,55,49,20,50,0
211,"透明 深黄色方块 #211",#494624,73,70,36,55,49,28,50,0
212,"透明 深黄色方块 #212",#605c30,96,92,48,55,49,37,50,0
213,"透明 深黄色方块 #213",#77723c,119,114,60,55,49,46,50,0
214,"透明 黄色方块 #214",#8d8747,141,135,71,55,49,55,50,0
215,"透明 黄色方块 #215",#a49d52,164,157,82,55,49,64,50,0
216,"透明 黄色方块 #216",#bbb35e,187,179,94,55,49,73,50,0
217,"透明 淡黄色方块 #217",#d1c869,209,200,105,55,49,81,50,0
218,"透明 淡黄色方块 #218",#e8de75,232,222,117,55,49,90,50,0
219,"透明 淡黄色方块 #219",#fff481,255,244,129,55,49,100,50,0
220,"透明 深黄色方块 #220",#332f0c,51,47,12,55,75,20,50,0
221,"透明 深黄色方块 #221",#494412,73,68,18,55,75,28,50,0
222,"透明 深黄色方块 #222",#605a17,96,90,23,55,75,37,50,0
223,"透明 深黄色方块 #223",#776f1d,119,111,29,55,75,46,50,0
224,"透明 黄色方块 #224",#8d8422,141,132,34,55,75,55,50,0
225,"透明 黄色方块 #225",#a49928,164,153,40,55,75,64,50,0
226,"透明 黄色方块 #226",#bbaf2e,187,175,46,55,75,73,50,0
227,"透明 黄色方块 #227",#d1c433,209,196,51,55,75,81,50,0
228,"透明 黄色方块 #228",#e8d939,232,217,57,55,75,90,50,0
229,"透明 黄色方块 #229",#ffef3f,255,239,63,55,75,100,50,0
230,"透明 深黄色方块 #230",#332e00,51,46,0,55,100,20,50,0
231,"透明 深黄色方块 #231",#494200,73,66,0,55,100,28,50,0
232,"透明 深黄色方块 #232",#605800,96,88,0,55,100,37,50,0
233,"透明 深黄色方块 #233",#776d00,119,109,0,55,100,46,50,0
234,"透明 黄色方块 #234",#8d8100,141,129,0,55,100,55,50,0
235,"透明 黄色方块 #235",#a49600,164,150,0,55,100,64,50,0
236,"透明 黄色方块 #236",#bbab00,187,171,0,55,100,73,50,0
237,"透明 黄色方块 #237",#d1bf00,209,191,0,55,100,81,50,0
238,"透明 黄色方块 #238",#e8d400,232,212,0,55,100,90,50,0
239,"透明 黄色方块 #239",#ffea00,255,234,0,55,100,100,50,0
240,"透明 深黄绿色方块 #240",#313328,49,51,40,66,20,20,50,0
241,"透明 深黄绿色方块 #241",#47493a,71,73,58,66,20,28,50,0
242,"透明 深黄绿色方块 #242",#5d604c,93,96,76,66,20,37,50,0
243,"透明 深黄绿色方块 #243",#74775f,116,119,95,66,20,46,50,0
244,"透明 黄绿色方块 #244",#8a8d70,138,141,112,66,20,55,50,0
245,"透明 黄绿色方块 #245",#a0a483,160,164,131,66,20,64,50,0
246,"透明 黄绿色方块 #246",#b7bb95,183,187,149,66,20,73,50,0
247,"透明 淡黄绿色方块 #247",#ccd1a7,204,209,167,66,20,81,50,0
248,"透明 淡黄绿色方块 #248",#e3e8b9,227,232,185,66,20,90,50,0
249,"透明 淡黄绿色方块 #249",#f9ffcc,249,255,204,66,20,100,50,0
250,"透明 深黄绿色方块 #250",#303319,48,51,25,66,49,20,50,0
251,"透明 深黄绿色方块 #251",#454924,69,73,36,66,49,28,50,0
252,"透明 深黄绿色方块 #252",#5a6030,90,96,48,66,49,37,50,0
253,"透明 深黄绿色方块 #253",#70773c,112,119,60,66,49,46,50,0
254,"透明 黄绿色方块 #254",#858d47,133,141,71,66,49,55,50,0
255,"透明 黄绿色方块 #255",#9ba452,155,164,82,66,49,64,50,0
256,"透明 黄绿色方块 #256",#b1bb5e,177,187,94,66,49,73,50,0
257,"透明 淡黄绿色方块 #257",#c6d169,198,209,105,66,49,81,50,0
258,"透明 淡黄绿色方块 #258",#dbe875,219,232,117,66,49,90,50,0
259,"透明 淡黄绿色方块 #259",#f1ff81,241,255,129,66,49,100,50,0
260,"透明 深黄绿色方块 #260",#2e330c,46,51,12,66,75,20,50,0
261,"透明 深黄绿色方块 #261",#434912,67,73,18,66,75,28,50,0
262,"透明 深黄绿色方块 #262",#586017,88,96,23,66,75,37,50,0
263,"透明 深黄绿色方块 #263",#6d771d,109,119,29,66,75,46,50,0
264,"透明 黄绿色方块 #264",#818d22,129,141,34,66,75,55,50,0
265,"透明 黄绿色方块 #265",#96a428,150,164,40,66,75,64,50,0
266,"透明 黄绿色方块 #266",#acbb2e,172,187,46,66,75,73,50,0
267,"透明 黄绿色方块 #267",#c0d133,192,209,51,66,75,81,50,0
268,"透明 黄绿色方块 #268",#d5e839,213,232,57,66,75,90,50,0
269,"透明 黄绿色方块 #269",#eaff3f,234,255,63,66,75,100,50,0
270,"透明 深黄绿色方块 #270",#2d3300,45,51,0,66,100,20,50,0
271,"透明 深黄绿色方块 #271",#414900,65,73,0,66,100,28,50,0
272,"透明 深黄绿色方块 #272",#556000,85,96,0,66,100,37,50,0
273,"透明 深黄绿色方块 #273",#6a7700,106,119,0,66,100,46,50,0
274,"透明 黄绿色方块 #274",#7e8d00,126,141,0,66,100,55,50,0
275,"透明 黄绿色方块 #275",#92a400,146,164,0,66,100,64,50,0
276,"透明 黄绿色方块 #276",#a7bb00,167,187,0,66,100,73,50,0
277,"透明 黄绿色方块 #277",#bad100,186,209,0,66,100,81,50,0
278,"透明 黄绿色方块 #278",#cfe800,207,232,0,66,100,90,50,0
279,"透明 黄绿色方块 #279",#e3ff00,227,255,0,66,100,100,50,0
280,"透明 深黄绿色方块 #280",#303328,48,51,40,77,20,20,50,0
281,"透明 深黄绿色方块 #281",#44493a,68,73,58,77,20,28,50,0
282,"透明 深黄绿色方块 #282",#5a604c,90,96,76,77,20,37,50,0
283,"透明 深黄绿色方块 #283",#70775f,112,119,95,77,20,46,50,0
284,"透明 黄绿色方块 #284",#848d70,132,141,112,77,20,55,50,0
285,"透明 黄绿色方块 #285",#9aa483,154,164,131,77,20,64,50,0
286,"透明 黄绿色方块 #286",#b0bb95,176,187,149,77,20,73,50,0
287,"透明 淡黄绿色方块 #287",#c4d1a7,196,209,167,77,20,81,50,0
288,"透明 淡黄绿色方块 #288",#dae8b9,218,232,185,77,20,90,50,0
289,"透明 淡黄绿色方块 #289",#f0ffcc,240,255,204,77,20,100,50,0
290,"透明 深黄绿色方块 #290",#2b3319,43,51,25,77,49,20,50,0
291,"透明 深黄绿色方块 #291",#3e4924,62,73,36,77,49,28,50,0
292,"透明 深黄绿色方块 #292",#526030,82,96,48,77,49,37,50,0
293,"透明 深黄绿色方块 #293",#65773c,101,119,60,77,49,46,50,0
294,"透明 黄绿色方块 #294",#788d47,120,141,71,77,49,55,50,0
295,"透明 黄绿色方块 #295",#8ca452,140,164,82,77,49,64,50,0
296,"透明 黄绿色方块 #296",#9fbb5e,159,187,94,77,49,73,50,0
297,"透明 淡黄绿色方块 #297",#b2d169,178,209,105,77,49,81,50,0
298,"透明 淡黄绿色方块 #298",#c6e875,198,232,117,77,49,90,50,0
299,"透明 淡黄绿色方块 #299",#d9ff81,217,255,129,77,49,100,50,0
300,"透明 深黄绿色方块 #300",#27330c,39,51,12,77,75,20,50,0
301,"透明 深黄绿色方块 #301",#384912,56,73,18,77,75,28,50,0
302,"透明 深黄绿色方块 #302",#4a6017,74,96,23,77,75,37,50,0
303,"透明 深黄绿色方块 #303",#5c771d,92,119,29,77,75,46,50,0
304,"透明 黄绿色方块 #304",#6d8d22,109,141,34,77,75,55,50,0
305,"透明 黄绿色方块 #305",#7fa428,127,164,40,77,75,64,50,0
306,"透明 黄绿色方块 #306",#91bb2e,145,187,46,77,75,73,50,0
307,"透明 黄绿色方块 #307",#a2d133,162,209,51,77,75,81,50,0
308,"透明 黄绿色方块 #308",#b4e839,180,232,57,77,75,90,50,0
309,"透明 黄绿色方块 #309",#c6ff3f,198,255,63,77,75,100,50,0
310,"透明 深黄绿色方块 #310",#243300,36,51,0,77,100,20,50,0
311,"透明 深黄绿色方块 #311",#334900,51,73,0,77,100,28,50,0
312,"透明 深黄绿色方块 #312",#436000,67,96,0,77,100,37,50,0
313,"透明 深黄绿色方块 #313",#547700,84,119,0,77,100,46,50,0
314,"透明 黄绿色方块 #314",#638d00,99,141,0,77,100,55,50,0
315,"透明 黄绿色方块 #315",#73a400,115,164,0,77,100,64,50,0
316,"透明 黄绿色方块 #316",#83bb00,131,187,0,77,100,73,50,0
317,"透明 黄绿色方块 #317",#93d100,147,209,0,77,100,81,50,0
318,"透明 黄绿色方块 #318",#a3e800,163,232,0,77,100,90,50,0
319,"透明 黄绿色方块 #319",#b3ff00,179,255,0,77,100,100,50,0
320,"透明 深黄绿色方块 #320",#2e3328,46,51,40,88,20,20,50,0
321,"透明 深黄绿色方块 #321",#41493a,65,73,58,88,20,28,50,0
322,"透明 深黄绿色方块 #322",#56604c,86,96,76,88,20,37,50,0
323,"透明 深黄绿色方块 #323",#6b775f,107,119,95,88,20,46,50,0
324,"透明 黄绿色方块 #324",#7f8d70,127,141,112,88,20,55,50,0
325,"透明 黄绿色方块 #325",#94a483,148,164,131,88,20,64,50,0
326,"透明 黄绿色方块 #326",#a8bb95,168,187,149,88,20,73,50,0
327,"透明 淡黄绿色方块 #327",#bcd1a7,188,209,167,88,20,81,50,0
328,"透明 淡黄绿色方块 #328",#d1e8b9,209,232,185,88,20,90,50,0
329,"透明 淡黄绿色方块 #329",#e6ffcc,230,255,204,88,20,100,50,0
330,"透明 深黄绿色方块 #330",#263319,38,51,25,88,49,20,50,0
331,"透明 深黄绿色方块 #331",#374924,55,73,36,88,49,28,50,0
332,"透明 深黄绿色方块 #332",#496030,73,96,48,88,49,37,50,0
333,"透明 深黄绿色方块 #333",#5a773c,90,119,60,88,49,46,50,0
334,"透明 黄绿色方块 #334",#6b8d47,107,141,71,88,49,55,50,0
335,"透明 黄绿色方块 #335",#7ca452,124,164,82,88,49,64,50,0
336,"透明 黄绿色方块 #336",#8ebb5e,142,187,94,88,49,73,50,0
337,"透明 淡黄绿色方块 #337",#9fd169,159,209,105,88,49,81,50,0
338,"透明 淡黄绿色方块 #338",#b0e875,176,232,117,88,49,90,50,0
339,"透明 淡黄绿色方块 #339",#c2ff81,194,255,129,88,49,100,50,0
340,"透明 深黄绿色方块 #340",#20330c,32,51,12,88,75,20,50,0
341,"透明 深黄绿色方块 #341",#2e4912,46,73,18,88,75,28,50,0
342,"透明 深黄绿色方块 #342",#3d6017,61,96,23,88,75,37,50,0
343,"透明 深黄绿色方块 #343",#4b771d,75,119,29,88,75,46,50,0
344,"透明 黄绿色方块 #344",#598d22,89,141,34,88,75,55,50,0
345,"透明 黄绿色方块 #345",#68a428,104,164,40,88,75,64,50,0
346,"透明 黄绿色方块 #346",#77bb2e,119,187,46,88,75,73,50,0
347,"透明 黄绿色方块 #347",#85d133,133,209,51,88,75,81,50,0
348,"透明 黄绿色方块 #348",#93e839,147,232,57,88,75,90,50,0
349,"透明 黄绿色方块 #349",#a2ff3f,162,255,63,88,75,100,50,0
350,"透明 深黄绿色方块 #350",#1a3300,26,51,0,88,100,20,50,0
351,"透明 深黄绿色方块 #351",#254900,37,73,0,88,100,28,50,0
352,"透明 深黄绿色方块 #352",#316000,49,96,0,88,100,37,50,0
353,"透明 深黄绿色方块 #353",#3d7700,61,119,0,88,100,46,50,0
354,"透明 黄绿色方块 #354",#488d00,72,141,0,88,100,55,50,0
355,"透明 黄绿色方块 #355",#54a400,84,164,0,88,100,64,50,0
356,"透明 黄绿色方块 #356",#60bb00,96,187,0,88,100,73,50,0
357,"透明 黄绿色方块 #357",#6cd100,108,209,0,88,100,81,50,0
358,"透明 黄绿色方块 #358",#78e800,120,232,0,88,100,90,50,0
359,"透明 黄绿色方块 #359",#84ff00,132,255,0,88,100,100,50,0
360,"透明 深绿色方块 #360",#2c3328,44,51,40,100,20,20,50,0
361,"透明 深绿色方块 #361",#3f493a,63,73,58,100,20,28,50,0
362,"透明 深绿色方块 #362",#53604c,83,96,76,100,20,37,50,0
363,"透明 深绿色方块 #363",#67775f,103,119,95,100,20,46,50,0
364,"透明 绿色方块 #364",#7a8d70,122,141,112,100,20,55,50,0
365,"透明 绿色方块 #365",#8ea483,142,164,131,100,20,64,50,0
366,"透明 绿色方块 #366",#a1bb95,161,187,149,100,20,73,50,0
367,"透明 淡绿色方块 #367",#b4d1a7,180,209,167,100,20,81,50,0
368,"透明 淡绿色方块 #368",#c8e8b9,200,232,185,100,20,90,50,0
369,"透明 淡绿色方块 #369",#dcffcc,220,255,204,100,20,100,50,0
370,"透明 深绿色方块 #370",#223319,34,51,25,100,49,20,50,0
371,"透明 深绿色方块 #371",#304924,48,73,36,100,49,28,50,0
372,"透明 深绿色方块 #372",#406030,64,96,48,100,49,37,50,0
373,"透明 深绿色方块 #373",#4f773c,79,119,60,100,49,46,50,0
374,"透明 绿色方块 #374",#5e8d47,94,141,71,100,49,55,50,0
375,"透明 绿色方块 #375",#6da452,109,164,82,100,49,64,50,0
376,"透明 绿色方块 #376",#7dbb5e,125,187,94,100,49,73,50,0
377,"透明 淡绿色方块 #377",#8bd169,139,209,105,100,49,81,50,0
378,"透明 淡绿色方块 #378",#9be875,155,232,117,100,49,90,50,0
379,"透明 淡绿色方块 #379",#aaff81,170,255,129,100,49,100,50,0
380,"透明 深绿色方块 #380",#19330c,25,51,12,100,75,20,50,0
381,"透明 深绿色方块 #381",#244912,36,73,18,100,75,28,50,0
382,"透明 深绿色方块 #382",#2f6017,47,96,23,100,75,37,50,0
383,"透明 深绿色方块 #383",#3a771d,58,119,29,100,75,46,50,0
384,"透明 绿色方块 #384",#458d22,69,141,34,100,75,55,50,0
385,"透明 绿色方块 #385",#51a428,81,164,40,100,75,64,50,0
386,"透明 绿色方块 #386",#5cbb2e,92,187,46,100,75,73,50,0
387,"透明 绿色方块 #387",#67d133,103,209,51,100,75,81,50,0
388,"透明 绿色方块 #388",#72e839,114,232,57,100,75,90,50,0
389,"透明 绿色方块 #389",#7eff3f,126,255,63,100,75,100,50,0
390,"透明 深绿色方块 #390",#103300,16,51,0,100,100,20,50,0
391,"透明 深绿色方块 #391",#184900,24,73,0,100,100,28,50,0
392,"透明 深绿色方块 #392",#1f6000,31,96,0,100,100,37,50,0
393,"透明 深绿色方块 #393",#277700,39,119,0,100,100,46,50,0
394,"透明 绿色方块 #394",#2e8d00,46,141,0,100,100,55,50,0
395,"透明 绿色方块 #395",#36a400,54,164,0,100,100,64,50,0
396,"透明 绿色方块 #396",#3dbb00,61,187,0,100,100,73,50,0
397,"透明 绿色方块 #397",#44d100,68,209,0,100,100,81,50,0
398,"透明 绿色方块 #398",#4ce800,76,232,0,100,100,90,50,0
399,"透明 绿色方块 #399",#53ff00,83,255,0,100,100,100,50,0
400,"透明 深绿色方块 #400",#2a3328,42,51,40,110,20,20,50,0
401,"透明 深绿色方块 #401",#3c493a,60,73,58,110,20,28,50,0
402,"透明 深绿色方块 #402",#4f604c,79,96,76,110,20,37,50,0
403,"透明 深绿色方块 #403",#63775f,99,119,95,110,20,46,50,0
404,"透明 绿色方块 #404",#758d70,117,141,112,110,20,55,50,0
405,"透明 绿色方块 #405",#88a483,136,164,131,110,20,64,50,0
406,"透明 绿色方块 #406",#9bbb95,155,187,149,110,20,73,50,0
407,"透明 淡绿色方块 #407",#aed1a7,174,209,167,110,20,81,50,0
408,"透明 淡绿色方块 #408",#c1e8b9,193,232,185,110,20,90,50,0
409,"透明 淡绿色方块 #409",#d4ffcc,212,255,204,110,20,100,50,0
410,"透明 深绿色方块 #410",#1d3319,29,51,25,110,49,20,50,0
411,"透明 深绿色方块 #411",#2a4924,42,73,36,110,49,28,50,0
412,"透明 深绿色方块 #412",#386030,56,96,48,110,49,37,50,0
413,"透明 深绿色方块 #413",#45773c,69,119,60,110,49,46,50,0
414,"透明 绿色方块 #414",#528d47,82,141,71,110,49,55,50,0
415,"透明 绿色方块 #415",#60a452,96,164,82,110,49,64,50,0
416,"透明 绿色方块 #416",#6dbb5e,109,187,94,110,49,73,50,0
417,"透明 淡绿色方块 #417",#7ad169,122,209,105,110,49,81,50,0
418,"透明 淡绿色方块 #418",#88e875,136,232,117,110,49,90,50,0
419,"透明 淡绿色方块 #419",#95ff81,149,255,129,110,49,100,50,0
420,"透明 深绿色方块 #420",#12330c,18,51,12,110,75,20,50,0
421,"透明 深绿色方块 #421",#1b4912,27,73,18,110,75,28,50,0
422,"透明 深绿色方块 #422",#236017,35,96,23,110,75,37,50,0
423,"透明 深绿色方块 #423",#2c771d,44,119,29,110,75,46,50,0
424,"透明 绿色方块 #424",#348d22,52,141,34,110,75,55,50,0
425,"透明 绿色方块 #425",#3ca428,60,164,40,110,75,64,50,0
426,"透明 绿色方块 #426",#45bb2e,69,187,46,110,75,73,50,0
427,"透明 绿色方块 #427",#4dd133,77,209,51,110,75,81,50,0
428,"透明 绿色方块 #428",#56e839,86,232,57,110,75,90,50,0
429,"透明 绿色方块 #429",#5eff3f,94,255,63,110,75,100,50,0
430,"透明 深绿色方块 #430",#083300,8,51,0,110,100,20,50,0
431,"透明 深绿色方块 #431",#0c4900,12,73,0,110,100,28,50,0
432,"透明 深绿色方块 #432",#0f6000,15,96,0,110,100,37,50,0
433,"透明 深绿色方块 #433",#137700,19,119,0,110,100,46,50,0
434,"透明 绿色方块 #434",#178d00,23,141,0,110,100,55,50,0
435,"透明 绿色方块 #435",#1ba400,27,164,0,110,100,64,50,0
436,"透明 绿色方块 #436",#1ebb00,30,187,0,110,100,73,50,0
437,"透明 绿色方块 #437",#22d100,34,209,0,110,100,81,50,0
438,"透明 绿色方块 #438",#26e800,38,232,0,110,100,90,50,0
439,"透明 绿色方块 #439",#29ff00,41,255,0,110,100,100,50,0
440,"透明 深绿色方块 #440",#283329,40,51,41,121,20,20,50,0
441,"透明 深绿色方块 #441",#3a493a,58,73,58,121,20,28,50,0
442,"透明 深绿色方块 #442",#4c604d,76,96,77,121,20,37,50,0
443,"透明 深绿色方块 #443",#5f775f,95,119,95,121,20,46,50,0
444,"透明 绿色方块 #444",#708d71,112,141,113,121,20,55,50,0
445,"透明 绿色方块 #445",#83a483,131,164,131,121,20,64,50,0
446,"透明 绿色方块 #446",#95bb96,149,187,150,121,20,73,50,0
447,"透明 淡绿色方块 #447",#a7d1a8,167,209,168,121,20,81,50,0
448,"透明 淡绿色方块 #448",#b9e8ba,185,232,186,121,20,90,50,0
449,"透明 淡绿色方块 #449",#ccffcd,204,255,205,121,20,100,50,0
450,"透明 深绿色方块 #450",#19331a,25,51,26,121,49,20,50,0
451,"透明 深绿色方块 #451",#244925,36,73,37,121,49,28,50,0
452,"透明 深绿色方块 #452",#306031,48,96,49,121,49,37,50,0
453,"透明 深绿色方块 #453",#3c773d,60,119,61,121,49,46,50,0
454,"透明 绿色方块 #454",#478d48,71,141,72,121,49,55,50,0
455,"透明 绿色方块 #455",#52a454,82,164,84,121,49,64,50,0
456,"透明 绿色方块 #456",#5ebb60,94,187,96,121,49,73,50,0
457,"透明 淡绿色方块 #457",#69d16c,105,209,108,121,49,81,50,0
458,"透明 淡绿色方块 #458",#75e878,117,232,120,121,49,90,50,0
459,"透明 淡绿色方块 #459",#81ff83,129,255,131,121,49,100,50,0
460,"透明 深绿色方块 #460",#0c330d,12,51,13,121,75,20,50,0
461,"透明 深绿色方块 #461",#124913,18,73,19,121,75,28,50,0
462,"透明 深绿色方块 #462",#176019,23,96,25,121,75,37,50,0
463,"透明 深绿色方块 #463",#1d771f,29,119,31,121,75,46,50,0
464,"透明 绿色方块 #464",#228d25,34,141,37,121,75,55,50,0
465,"透明 绿色方块 #465",#28a42b,40,164,43,121,75,64,50,0
466,"透明 绿色方块 #466",#2ebb31,46,187,49,121,75,73,50,0
467,"透明 绿色方块 #467",#33d137,51,209,55,121,75,81,50,0
468,"透明 绿色方块 #468",#39e83d,57,232,61,121,75,90,50,0
469,"透明 绿色方块 #469",#3fff43,63,255,67,121,75,100,50,0
470,"透明 深绿色方块 #470",#003301,0,51,1,121,100,20,50,0
471,"透明 深绿色方块 #471",#004901,0,73,1,121,100,28,50,0
472,"透明 深绿色方块 #472",#006002,0,96,2,121,100,37,50,0
473,"透明 深绿色方块 #473",#007702,0,119,2,121,100,46,50,0
474,"透明 绿色方块 #474",#008d03,0,141,3,121,100,55,50,0
475,"透明 绿色方块 #475",#00a403,0,164,3,121,100,64,50,0
476,"透明 绿色方块 #476",#00bb04,0,187,4,121,100,73,50,0
477,"透明 绿色方块 #477",#00d104,0,209,4,121,100,81,50,0
478,"透明 绿色方块 #478",#00e805,0,232,5,121,100,90,50,0
479,"透明 绿色方块 #479",#00ff06,0,255,6,121,100,100,50,0
480,"透明 深绿宝石色方块 #480",#28332a,40,51,42,132,20,20,50,0
481,"透明 深绿宝石色方块 #481",#3a493d,58,73,61,132,20,28,50,0
482,"透明 深绿宝石色方块 #482",#4c6050,76,96,80,132,20,37,50,0
483,"透明 深绿宝石色方块 #483",#5f7764,95,119,100,132,20,46,50,0
484,"透明 绿宝石色方块 #484",#708d76,112,141,118,132,20,55,50,0
485,"透明 绿宝石色方块 #485",#83a48a,131,164,138,132,20,64,50,0
486,"透明 绿宝石色方块 #486",#95bb9d,149,187,157,132,20,73,50,0
487,"透明 淡绿宝石色方块 #487",#a7d1b0,167,209,176,132,20,81,50,0
488,"透明 淡绿宝石色方块 #488",#b9e8c3,185,232,195,132,20,90,50,0
489,"透明 淡绿宝石色方块 #489",#ccffd6,204,255,214,132,20,100,50,0
490,"透明 深绿宝石色方块 #490",#19331f,25,51,31,132,49,20,50,0
491,"透明 深绿宝石色方块 #491",#24492c,36,73,44,132,49,28,50,0
492,"透明 深绿宝石色方块 #492",#30603a,48,96,58,132,49,37,50,0
493,"透明 深绿宝石色方块 #493",#3c7748,60,119,72,132,49,46,50,0
494,"透明 绿宝石色方块 #494",#478d56,71,141,86,132,49,55,50,0
495,"透明 绿宝石色方块 #495",#52a464,82,164,100,132,49,64,50,0
496,"透明 绿宝石色方块 #496",#5ebb72,94,187,114,132,49,73,50,0
497,"透明 淡绿宝石色方块 #497",#69d17f,105,209,127,132,49,81,50,0
498,"透明 淡绿宝石色方块 #498",#75e88d,117,232,141,132,49,90,50,0
499,"透明 淡绿宝石色方块 #499",#81ff9b,129,255,155,132,49,100,50,0
500,"透明 深绿宝石色方块 #500",#0c3314,12,51,20,132,75,20,50,0
501,"透明 深绿宝石色方块 #501",#12491d,18,73,29,132,75,28,50,0
502,"透明 深绿宝石色方块 #502",#176027,23,96,39,132,75,37,50,0
503,"透明 深绿宝石色方块 #503",#1d7730,29,119,48,132,75,46,50,0
504,"透明 绿宝石色方块 #504",#228d39,34,141,57,132,75,55,50,0
505,"透明 绿宝石色方块 #505",#28a442,40,164,66,132,75,64,50,0
506,"透明 绿宝石色方块 #506",#2ebb4c,46,187,76,132,75,73,50,0
507,"透明 绿宝石色方块 #507",#33d154,51,209,84,132,75,81,50,0
508,"透明 绿宝石色方块 #508",#39e85e,57,232,94,132,75,90,50,0
509,"透明 绿宝石色方块 #509",#3fff67,63,255,103,132,75,100,50,0
510,"透明 深绿宝石色方块 #510",#00330a,0,51,10,132,100,20,50,0
511,"透明 深绿宝石色方块 #511",#00490f,0,73,15,132,100,28,50,0
512,"透明 深绿宝石色方块 #512",#006014,0,96,20,132,100,37,50,0
513,"透明 深绿宝石色方块 #513",#007719,0,119,25,132,100,46,50,0
514,"透明 绿宝石色方块 #514",#008d1d,0,141,29,132,100,55,50,0
515,"透明 绿宝石色方块 #515",#00a422,0,164,34,132,100,64,50,0
516,"透明 绿宝石色方块 #516",#00bb27,0,187,39,132,100,73,50,0
517,"透明 绿宝石色方块 #517",#00d12c,0,209,44,132,100,81,50,0
518,"透明 绿宝石色方块 #518",#00e831,0,232,49,132,100,90,50,0
519,"透明 绿宝石色方块 #519",#00ff36,0,255,54,132,100,100,50,0
520,"透明 深绿宝石色方块 #520",#28332c,40,51,44,144,20,20,50,0
521,"透明 深绿宝石色方块 #521",#3a4940,58,73,64,144,20,28,50,0
522,"透明 深绿宝石色方块 #522",#4c6054,76,96,84,144,20,37,50,0
523,"透明 深绿宝石色方块 #523",#5f7768,95,119,104,144,20,46,50,0
524,"透明 绿宝石色方块 #524",#708d7c,112,141,124,144,20,55,50,0
525,"透明 绿宝石色方块 #525",#83a490,131,164,144,144,20,64,50,0
526,"透明 绿宝石色方块 #526",#95bba4,149,187,164,144,20,73,50,0
527,"透明 淡绿宝石色方块 #527",#a7d1b7,167,209,183,144,20,81,50,0
528,"透明 淡绿宝石色方块 #528",#b9e8cc,185,232,204,144,20,90,50,0
529,"透明 淡绿宝石色方块 #529",#ccffe0,204,255,224,144,20,100,50,0
530,"透明 深绿宝石色方块 #530",#193323,25,51,35,144,49,20,50,0
531,"透明 深绿宝石色方块 #531",#244933,36,73,51,144,49,28,50,0
532,"透明 深绿宝石色方块 #532",#306043,48,96,67,144,49,37,50,0
533,"透明 深绿宝石色方块 #533",#3c7753,60,119,83,144,49,46,50,0
534,"透明 绿宝石色方块 #534",#478d63,71,141,99,144,49,55,50,0
535,"透明 绿宝石色方块 #535",#52a473,82,164,115,144,49,64,50,0
536,"透明 绿宝石色方块 #536",#5ebb83,94,187,131,144,49,73,50,0
537,"透明 淡绿宝石色方块 #537",#69d193,105,209,147,144,49,81,50,0
538,"透明 淡绿宝石色方块 #538",#75e8a3,117,232,163,144,49,90,50,0
539,"透明 淡绿宝石色方块 #539",#81ffb3,129,255,179,144,49,100,50,0
540,"透明 深绿宝石色方块 #540",#0c331b,12,51,27,144,75,20,50,0
541,"透明 深绿宝石色方块 #541",#124928,18,73,40,144,75,28,50,0
542,"透明 深绿宝石色方块 #542",#176034,23,96,52,144,75,37,50,0
543,"透明 深绿宝石色方块 #543",#1d7741,29,119,65,144,75,46,50,0
544,"透明 绿宝石色方块 #544",#228d4d,34,141,77,144,75,55,50,0
545,"透明 绿宝石色方块 #545",#28a459,40,164,89,144,75,64,50,0
546,"透明 绿宝石色方块 #546",#2ebb66,46,187,102,144,75,73,50,0
547,"透明 绿宝石色方块 #547",#33d172,51,209,114,144,75,81,50,0
548,"透明 绿宝石色方块 #548",#39e87f,57,232,127,144,75,90,50,0
549,"透明 绿宝石色方块 #549",#3fff8b,63,255,139,144,75,100,50,0
550,"透明 深绿宝石色方块 #550",#003314,0,51,20,144,100,20,50,0
551,"透明 深绿宝石色方块 #551",#00491d,0,73,29,144,100,28,50,0
552,"透明 深绿宝石色方块 #552",#006026,0,96,38,144,100,37,50,0
553,"透明 深绿宝石色方块 #553",#00772f,0,119,47,144,100,46,50,0
554,"透明 绿宝石色方块 #554",#008d38,0,141,56,144,100,55,50,0
555,"透明 绿宝石色方块 #555",#00a441,0,164,65,144,100,64,50,0
556,"透明 绿宝石色方块 #556",#00bb4a,0,187,74,144,100,73,50,0
557,"透明 绿宝石色方块 #557",#00d153,0,209,83,144,100,81,50,0
558,"透明 绿宝石色方块 #558",#00e85c,0,232,92,144,100,90,50,0
559,"透明 绿宝石色方块 #559",#00ff65,0,255,101,144,100,100,50,0
560,"透明 深绿宝石色方块 #560",#28332e,40,51,46,155,20,20,50,0
561,"透明 深绿宝石色方块 #561",#3a4942,58,73,66,155,20,28,50,0
562,"透明 深绿宝石色方块 #562",#4c6058,76,96,88,155,20,37,50,0
563,"透明 深绿宝石色方块 #563",#5f776d,95,119,109,155,20,46,50,0
564,"透明 绿宝石色方块 #564",#708d81,112,141,129,155,20,55,50,0
565,"透明 绿宝石色方块 #565",#83a496,131,164,150,155,20,64,50,0
566,"透明 绿宝石色方块 #566",#95bbab,149,187,171,155,20,73,50,0
567,"透明 淡绿宝石色方块 #567",#a7d1bf,167,209,191,155,20,81,50,0
568,"透明 淡绿宝石色方块 #568",#b9e8d4,185,232,212,155,20,90,50,0
569,"透明 淡绿宝石色方块 #569",#ccffea,204,255,234,155,20,100,50,0
570,"透明 深绿宝石色方块 #570",#193328,25,51,40,155,49,20,50,0
571,"透明 深绿宝石色方块 #571",#24493a,36,73,58,155,49,28,50,0
572,"透明 深绿宝石色方块 #572",#30604c,48,96,76,155,49,37,50,0
573,"透明 深绿宝石色方块 #573",#3c775e,60,119,94,155,49,46,50,0
574,"透明 绿宝石色方块 #574",#478d70,71,141,112,155,49,55,50,0
575,"透明 绿宝石色方块 #575",#52a482,82,164,130,155,49,64,50,0
576,"透明 绿宝石色方块 #576",#5ebb94,94,187,148,155,49,73,50,0
577,"透明 淡绿宝石色方块 #577",#69d1a6,105,209,166,155,49,81,50,0
578,"透明 淡绿宝石色方块 #578",#75e8b8,117,232,184,155,49,90,50,0
579,"透明 淡绿宝石色方块 #579",#81ffcb,129,255,203,155,49,100,50,0
580,"透明 深绿宝石色方块 #580",#0c3323,12,51,35,155,75,20,50,0
581,"透明 深绿宝石色方块 #581",#124932,18,73,50,155,75,28,50,0
582,"透明 深绿宝石色方块 #582",#176042,23,96,66,155,75,37,50,0
583,"透明 深绿宝石色方块 #583",#1d7752,29,119,82,155,75,46,50,0
584,"透明 绿宝石色方块 #584",#228d61,34,141,97,155,75,55,50,0
585,"透明 绿宝石色方块 #585",#28a471,40,164,113,155,75,64,50,0
586,"透明 绿宝石色方块 #586",#2ebb81,46,187,129,155,75,73,50,0
587,"透明 绿宝石色方块 #587",#33d190,51,209,144,155,75,81,50,0
588,"透明 绿宝石色方块 #588",#39e8a0,57,232,160,155,75,90,50,0
589,"透明 绿宝石色方块 #589",#3fffaf,63,255,175,155,75,100,50,0
590,"透明 深绿宝石色方块 #590",#00331e,0,51,30,155,100,20,50,0
591,"透明 深绿宝石色方块 #591",#00492a,0,73,42,155,100,28,50,0
592,"透明 深绿宝石色方块 #592",#006038,0,96,56,155,100,37,50,0
593,"透明 深绿宝石色方块 #593",#007746,0,119,70,155,100,46,50,0
594,"透明 绿宝石色方块 #594",#008d52,0,141,82,155,100,55,50,0
595,"透明 绿宝石色方块 #595",#00a460,0,164,96,155,100,64,50,0
596,"透明 绿宝石色方块 #596",#00bb6e,0,187,110,155,100,73,50,0
597,"透明 绿宝石色方块 #597",#00d17a,0,209,122,155,100,81,50,0
598,"透明 绿宝石色方块 #598",#00e888,0,232,136,155,100,90,50,0
599,"透明 绿宝石色方块 #599",#00ff96,0,255,150,155,100,100,50,0
600,"透明 深青色方块 #600",#283330,40,51,48,166,20,20,50,0
601,"透明 深青色方块 #601",#3a4945,58,73,69,166,20,28,50,0
602,"透明 深青色方块 #602",#4c605b,76,96,91,166,20,37,50,0
603,"透明 深青色方块 #603",#5f7771,95,119,113,166,20,46,50,0
604,"透明 青色方块 #604",#708d86,112,141,134,166,20,55,50,0
605,"透明 青色方块 #605",#83a49c,131,164,156,166,20,64,50,0
606,"透明 青色方块 #606",#95bbb2,149,187,178,166,20,73,50,0
607,"透明 淡青色方块 #607",#a7d1c7,167,209,199,166,20,81,50,0
608,"透明 淡青色方块 #608",#b9e8dd,185,232,221,166,20,90,50,0
609,"透明 淡青色方块 #609",#ccfff3,204,255,243,166,20,100,50,0
610,"透明 深青色方块 #610",#19332d,25,51,45,166,49,20,50,0
611,"透明 深青色方块 #611",#244940,36,73,64,166,49,28,50,0
612,"透明 深青色方块 #612",#306055,48,96,85,166,49,37,50,0
613,"透明 深青色方块 #613",#3c7769,60,119,105,166,49,46,50,0
614,"透明 青色方块 #614",#478d7d,71,141,125,166,49,55,50,0
615,"透明 青色方块 #615",#52a491,82,164,145,166,49,64,50,0
616,"透明 青色方块 #616",#5ebba6,94,187,166,166,49,73,50,0
617,"透明 淡青色方块 #617",#69d1b9,105,209,185,166,49,81,50,0
618,"透明 淡青色方块 #618",#75e8ce,117,232,206,166,49,90,50,0
619,"透明 淡青色方块 #619",#81ffe2,129,255,226,166,49,100,50,0
620,"透明 深青色方块 #620",#0c332a,12,51,42,166,75,20,50,0
621,"透明 深青色方块 #621",#12493c,18,73,60,166,75,28,50,0
622,"透明 深青色方块 #622",#17604f,23,96,79,166,75,37,50,0
623,"透明 深青色方块 #623",#1d7762,29,119,98,166,75,46,50,0
624,"透明 青色方块 #624",#228d75,34,141,117,166,75,55,50,0
625,"透明 青色方块 #625",#28a488,40,164,136,166,75,64,50,0
626,"透明 青色方块 #626",#2ebb9b,46,187,155,166,75,73,50,0
627,"透明 青色方块 #627",#33d1ad,51,209,173,166,75,81,50,0
628,"透明 青色方块 #628",#39e8c0,57,232,192,166,75,90,50,0
629,"透明 青色方块 #629",#3fffd4,63,255,212,166,75,100,50,0
630,"透明 深青色方块 #630",#003327,0,51,39,166,100,20,50,0
631,"透明 深青色方块 #631",#004938,0,73,56,166,100,28,50,0
632,"透明 深青色方块 #632",#00604a,0,96,74,166,100,37,50,0
633,"透明 深青色方块 #633",#00775c,0,119,92,166,100,46,50,0
634,"透明 青色方块 #634",#008d6d,0,141,109,166,100,55,50,0
635,"透明 青色方块 #635",#00a47f,0,164,127,166,100,64,50,0
636,"透明 青色方块 #636",#00bb91,0,187,145,166,100,73,50,0
637,"透明 青色方块 #637",#00d1a2,0,209,162,166,100,81,50,0
638,"透明 青色方块 #638",#00e8b4,0,232,180,166,100,90,50,0
639,"透明 青色方块 #639",#00ffc5,0,255,197,166,100,100,50,0
640,"透明 深青色方块 #640",#283332,40,51,50,177,20,20,50,0
641,"透明 深青色方块 #641",#3a4948,58,73,72,177,20,28,50,0
642,"透明 深青色方块 #642",#4c605f,76,96,95,177,20,37,50,0
643,"透明 深青色方块 #643",#5f7776,95,119,118,177,20,46,50,0
644,"透明 青色方块 #644",#708d8c,112,141,140,177,20,55,50,0
645,"透明 青色方块 #645",#83a4a2,131,164,162,177,20,64,50,0
646,"透明 青色方块 #646",#95bbb9,149,187,185,177,20,73,50,0
647,"透明 淡青色方块 #647",#a7d1cf,167,209,207,177,20,81,50,0
648,"透明 淡青色方块 #648",#b9e8e6,185,232,230,177,20,90,50,0
649,"透明 淡青色方块 #649",#ccfffd,204,255,253,177,20,100,50,0
650,"透明 深青色方块 #650",#193332,25,51,50,177,49,20,50,0
651,"透明 深青色方块 #651",#244947,36,73,71,177,49,28,50,0
652,"透明 深青色方块 #652",#30605e,48,96,94,177,49,37,50,0
653,"透明 深青色方块 #653",#3c7774,60,119,116,177,49,46,50,0
654,"透明 青色方块 #654",#478d8a,71,141,138,177,49,55,50,0
655,"透明 青色方块 #655",#52a4a1,82,164,161,177,49,64,50,0
656,"透明 青色方块 #656",#5ebbb7,94,187,183,177,49,73,50,0
657,"透明 淡青色方块 #657",#69d1cd,105,209,205,177,49,81,50,0
658,"透明 淡青色方块 #658",#75e8e3,117,232,227,177,49,90,50,0
659,"透明 淡青色方块 #659",#81fffa,129,255,250,177,49,100,50,0
660,"透明 深青色方块 #660",#0c3331,12,51,49,177,75,20,50,0
661,"透明 深青色方块 #661",#124947,18,73,71,177,75,28,50,0
662,"透明 深青色方块 #662",#17605d,23,96,93,177,75,37,50,0
663,"透明 深青色方块 #663",#1d7773,29,119,115,177,75,46,50,0
664,"透明 青色方块 #664",#228d89,34,141,137,177,75,55,50,0
665,"透明 青色方块 #665",#28a49f,40,164,159,177,75,64,50,0
666,"透明 青色方块 #666",#2ebbb6,46,187,182,177,75,73,50,0
667,"透明 青色方块 #667",#33d1cb,51,209,203,177,75,81,50,0
668,"透明 青色方块 #668",#39e8e1,57,232,225,177,75,90,50,0
669,"透明 青色方块 #669",#3ffff8,63,255,248,177,75,100,50,0
670,"透明 深青色方块 #670",#003331,0,51,49,177,100,20,50,0
671,"透明 深青色方块 #671",#004946,0,73,70,177,100,28,50,0
672,"透明 深青色方块 #672",#00605c,0,96,92,177,100,37,50,0
673,"透明 深青色方块 #673",#007772,0,119,114,177,100,46,50,0
674,"透明 青色方块 #674",#008d88,0,141,136,177,100,55,50,0
675,"透明 青色方块 #675",#00a49e,0,164,158,177,100,64,50,0
676,"透明 青色方块 #676",#00bbb4,0,187,180,177,100,73,50,0
677,"透明 青色方块 #677",#00d1c9,0,209,201,177,100,81,50,0
678,"透明 青色方块 #678",#00e8df,0,232,223,177,100,90,50,0
679,"透明 青色方块 #679",#00fff5,0,255,245,177,100,100,50,0
680,"透明 深青色方块 #680",#283133,40,49,51,189,20,20,50,0
681,"透明 深青色方块 #681",#3a4649,58,70,73,189,20,28,50,0
682,"透明 深青色方块 #682",#4c5d60,76,93,96,189,20,37,50,0
683,"透明 深青色方块 #683",#5f7377,95,115,119,189,20,46,50,0
684,"透明 青色方块 #684",#70888d,112,136,141,189,20,55,50,0
685,"透明 青色方块 #685",#839ea4,131,158,164,189,20,64,50,0
686,"透明 青色方块 #686",#95b5bb,149,181,187,189,20,73,50,0
687,"透明 淡青色方块 #687",#a7cad1,167,202,209,189,20,81,50,0
688,"透明 淡青色方块 #688",#b9e0e8,185,224,232,189,20,90,50,0
689,"透明 淡青色方块 #689",#ccf7ff,204,247,255,189,20,100,50,0
690,"透明 深青色方块 #690",#192f33,25,47,51,189,49,20,50,0
691,"透明 深青色方块 #691",#244349,36,67,73,189,49,28,50,0
692,"透明 深青色方块 #692",#305860,48,88,96,189,49,37,50,0
693,"透明 深青色方块 #693",#3c6e77,60,110,119,189,49,46,50,0
694,"透明 青色方块 #694",#47828d,71,130,141,189,49,55,50,0
695,"透明 青色方块 #695",#5297a4,82,151,164,189,49,64,50,0
696,"透明 青色方块 #696",#5eacbb,94,172,187,189,49,73,50,0
697,"透明 淡青色方块 #697",#69c1d1,105,193,209,189,49,81,50,0
698,"透明 淡青色方块 #698",#75d6e8,117,214,232,189,49,90,50,0
699,"透明 淡青色方块 #699",#81ebff,129,235,255,189,49,100,50,0
700,"透明 深青色方块 #700",#0c2d33,12,45,51,189,75,20,50,0
701,"透明 深青色方块 #701",#124049,18,64,73,189,75,28,50,0
702,"透明 深青色方块 #702",#175460,23,84,96,189,75,37,50,0
703,"透明 深青色方块 #703",#1d6977,29,105,119,189,75,46,50,0
704,"透明 青色方块 #704",#227c8d,34,124,141,189,75,55,50,0
705,"透明 青色方块 #705",#2891a4,40,145,164,189,75,64,50,0
706,"透明 青色方块 #706",#2ea5bb,46,165,187,189,75,73,50,0
707,"透明 青色方块 #707",#33b8d1,51,184,209,189,75,81,50,0
708,"透明 青色方块 #708",#39cde8,57,205,232,189,75,90,50,0
709,"透明 青色方块 #709",#3fe1ff,63,225,255,189,75,100,50,0
710,"透明 深青色方块 #710",#002b33,0,43,51,189,100,20,50,0
711,"透明 深青色方块 #711",#003d49,0,61,73,189,100,28,50,0
712,"透明 深青色方块 #712",#005160,0,81,96,189,100,37,50,0
713,"透明 深青色方块 #713",#006477,0,100,119,189,100,46,50,0
714,"透明 青色方块 #714",#00778d,0,119,141,189,100,55,50,0
715,"透明 青色方块 #715",#008aa4,0,138,164,189,100,64,50,0
716,"透明 青色方块 #716",#009ebb,0,158,187,189,100,73,50,0
717,"透明 青色方块 #717",#00b1d1,0,177,209,189,100,81,50,0
718,"透明 青色方块 #718",#00c4e8,0,196,232,189,100,90,50,0
719,"透明 青色方块 #719",#00d7ff,0,215,255,189,100,100,50,0
720,"透明 深天蓝色方块 #720",#282f33,40,47,51,200,20,20,50,0
721,"透明 深天蓝色方块 #721",#3a4449,58,68,73,200,20,28,50,0
722,"透明 深天蓝色方块 #722",#4c5960,76,89,96,200,20,37,50,0
723,"透明 深天蓝色方块 #723",#5f6e77,95,110,119,200,20,46,50,0
724,"透明 天蓝色方块 #724",#70838d,112,131,141,200,20,55,50,0
725,"透明 天蓝色方块 #725",#8398a4,131,152,164,200,20,64,50,0
726,"透明 天蓝色方块 #726",#95aebb,149,174,187,200,20,73,50,0
727,"透明 淡天蓝色方块 #727",#a7c2d1,167,194,209,200,20,81,50,0
728,"透明 淡天蓝色方块 #728",#b9d8e8,185,216,232,200,20,90,50,0
729,"透明 淡天蓝色方块 #729",#ccedff,204,237,255,200,20,100,50,0
730,"透明 深天蓝色方块 #730",#192a33,25,42,51,200,49,20,50,0
731,"透明 深天蓝色方块 #731",#243c49,36,60,73,200,49,28,50,0
732,"透明 深天蓝色方块 #732",#304f60,48,79,96,200,49,37,50,0
733,"透明 深天蓝色方块 #733",#3c6277,60,98,119,200,49,46,50,0
734,"透明 天蓝色方块 #734",#47758d,71,117,141,200,49,55,50,0
735,"透明 天蓝色方块 #735",#5288a4,82,136,164,200,49,64,50,0
736,"透明 天蓝色方块 #736",#5e9bbb,94,155,187,200,49,73,50,0
737,"透明 淡天蓝色方块 #737",#69add1,105,173,209,200,49,81,50,0
738,"透明 淡天蓝色方块 #738",#75c0e8,117,192,232,200,49,90,50,0
739,"透明 淡天蓝色方块 #739",#81d4ff,129,212,255,200,49,100,50,0
740,"透明 深天蓝色方块 #740",#0c2533,12,37,51,200,75,20,50,0
741,"透明 深天蓝色方块 #741",#123649,18,54,73,200,75,28,50,0
742,"透明 深天蓝色方块 #742",#174760,23,71,96,200,75,37,50,0
743,"透明 深天蓝色方块 #743",#1d5877,29,88,119,200,75,46,50,0
744,"透明 天蓝色方块 #744",#22688d,34,104,141,200,75,55,50,0
745,"透明 天蓝色方块 #745",#2879a4,40,121,164,200,75,64,50,0
746,"透明 天蓝色方块 #746",#2e8abb,46,138,187,200,75,73,50,0
747,"透明 天蓝色方块 #747",#339bd1,51,155,209,200,75,81,50,0
748,"透明 天蓝色方块 #748",#39ace8,57,172,232,200,75,90,50,0
749,"透明 天蓝色方块 #749",#3fbdff,63,189,255,200,75,100,50,0
750,"透明 深天蓝色方块 #750",#002133,0,33,51,200,100,20,50,0
751,"透明 深天蓝色方块 #751",#003049,0,48,73,200,100,28,50,0
752,"透明 深天蓝色方块 #752",#003f60,0,63,96,200,100,37,50,0
753,"透明 深天蓝色方块 #753",#004e77,0,78,119,200,100,46,50,0
754,"透明 天蓝色方块 #754",#005c8d,0,92,141,200,100,55,50,0
755,"透明 天蓝色方块 #755",#006ca4,0,108,164,200,100,64,50,0
756,"透明 天蓝色方块 #756",#007bbb,0,123,187,200,100,73,50,0
757,"透明 天蓝色方块 #757",#0089d1,0,137,209,200,100,81,50,0
758,"透明 天蓝色方块 #758",#0098e8,0,152,232,200,100,90,50,0
759,"透明 天蓝色方块 #759",#00a7ff,0,167,255,200,100,100,50,0
760,"透明 深天蓝色方块 #760",#282d33,40,45,51,211,20,20,50,0
761,"透明 深天蓝色方块 #761",#3a4149,58,65,73,211,20,28,50,0
762,"透明 深天蓝色方块 #762",#4c5560,76,85,96,211,20,37,50,0
763,"透明 深天蓝色方块 #763",#5f6a77,95,106,119,211,20,46,50,0
764,"透明 天蓝色方块 #764",#707e8d,112,126,141,211,20,55,50,0
765,"透明 天蓝色方块 #765",#8392a4,131,146,164,211,20,64,50,0
766,"透明 天蓝色方块 #766",#95a7bb,149,167,187,211,20,73,50,0
767,"透明 淡天蓝色方块 #767",#a7bad1,167,186,209,211,20,81,50,0
768,"透明 淡天蓝色方块 #768",#b9cfe8,185,207,232,211,20,90,50,0
769,"透明 淡天蓝色方块 #769",#cce3ff,204,227,255,211,20,100,50,0
770,"透明 深天蓝色方块 #770",#192533,25,37,51,211,49,20,50,0
771,"透明 深天蓝色方块 #771",#243549,36,53,73,211,49,28,50,0
772,"透明 深天蓝色方块 #772",#304660,48,70,96,211,49,37,50,0
773,"透明 深天蓝色方块 #773",#3c5777,60,87,119,211,49,46,50,0
774,"透明 天蓝色方块 #774",#47688d,71,104,141,211,49,55,50,0
775,"透明 天蓝色方块 #775",#5279a4,82,121,164,211,49,64,50,0
776,"透明 天蓝色方块 #776",#5e8abb,94,138,187,211,49,73,50,0
777,"透明 淡天蓝色方块 #777",#699ad1,105,154,209,211,49,81,50,0
778,"透明 淡天蓝色方块 #778",#75abe8,117,171,232,211,49,90,50,0
779,"透明 淡天蓝色方块 #779",#81bcff,129,188,255,211,49,100,50,0
780,"透明 深天蓝色方块 #780",#0c1e33,12,30,51,211,75,20,50,0
781,"透明 深天蓝色方块 #781",#122b49,18,43,73,211,75,28,50,0
782,"透明 深天蓝色方块 #782",#173960,23,57,96,211,75,37,50,0
783,"透明 深天蓝色方块 #783",#1d4777,29,71,119,211,75,46,50,0
784,"透明 天蓝色方块 #784",#22548d,34,84,141,211,75,55,50,0
785,"透明 天蓝色方块 #785",#2862a4,40,98,164,211,75,64,50,0
786,"透明 天蓝色方块 #786",#2e70bb,46,112,187,211,75,73,50,0
787,"透明 天蓝色方块 #787",#337dd1,51,125,209,211,75,81,50,0
788,"透明 天蓝色方块 #788",#398be8,57,139,232,211,75,90,50,0
789,"透明 天蓝色方块 #789",#3f99ff,63,153,255,211,75,100,50,0
790,"透明 深天蓝色方块 #790",#001733,0,23,51,211,100,20,50,0
791,"透明 深天蓝色方块 #791",#002249,0,34,73,211,100,28,50,0
792,"透明 深天蓝色方块 #792",#002d60,0,45,96,211,100,37,50,0
793,"透明 深天蓝色方块 #793",#003777,0,55,119,211,100,46,50,0
794,"透明 天蓝色方块 #794",#00428d,0,66,141,211,100,55,50,0
795,"透明 天蓝色方块 #795",#004da4,0,77,164,211,100,64,50,0
796,"透明 天蓝色方块 #796",#0057bb,0,87,187,211,100,73,50,0
797,"透明 天蓝色方块 #797",#0062d1,0,98,209,211,100,81,50,0
798,"透明 天蓝色方块 #798",#006de8,0,109,232,211,100,90,50,0
799,"透明 天蓝色方块 #799",#0077ff,0,119,255,211,100,100,50,0
800,"透明 深天蓝色方块 #800",#282b33,40,43,51,221,20,20,50,0
801,"透明 深天蓝色方块 #801",#3a3e49,58,62,73,221,20,28,50,0
802,"透明 深天蓝色方块 #802",#4c5260,76,82,96,221,20,37,50,0
803,"透明 深天蓝色方块 #803",#5f6677,95,102,119,221,20,46,50,0
804,"透明 天蓝色方块 #804",#70798d,112,121,141,221,20,55,50,0
805,"透明 天蓝色方块 #805",#838da4,131,141,164,221,20,64,50,0
806,"透明 天蓝色方块 #806",#95a1bb,149,161,187,221,20,73,50,0
807,"透明 淡天蓝色方块 #807",#a7b3d1,167,179,209,221,20,81,50,0
808,"透明 淡天蓝色方块 #808",#b9c7e8,185,199,232,221,20,90,50,0
809,"透明 淡天蓝色方块 #809",#ccdbff,204,219,255,221,20,100,50,0
810,"透明 深天蓝色方块 #810",#192133,25,33,51,221,49,20,50,0
811,"透明 深天蓝色方块 #811",#242f49,36,47,73,221,49,28,50,0
812,"透明 深天蓝色方块 #812",#303f60,48,63,96,221,49,37,50,0
813,"透明 深天蓝色方块 #813",#3c4e77,60,78,119,221,49,46,50,0
814,"透明 天蓝色方块 #814",#475c8d,71,92,141,221,49,55,50,0
815,"透明 天蓝色方块 #815",#526ba4,82,107,164,221,49,64,50,0
816,"透明 天蓝色方块 #816",#5e7abb,94,122,187,221,49,73,50,0
817,"透明 淡天蓝色方块 #817",#6989d1,105,137,209,221,49,81,50,0
818,"透明 淡天蓝色方块 #818",#7598e8,117,152,232,221,49,90,50,0
819,"透明 淡天蓝色方块 #819",#81a7ff,129,167,255,221,49,100,50,0
820,"透明 深天蓝色方块 #820",#0c1833,12,24,51,221,75,20,50,0
821,"透明 深天蓝色方块 #821",#122249,18,34,73,221,75,28,50,0
822,"透明 深天蓝色方块 #822",#172d60,23,45,96,221,75,37,50,0
823,"透明 深天蓝色方块 #823",#1d3877,29,56,119,221,75,46,50,0
824,"透明 天蓝色方块 #824",#22438d,34,67,141,221,75,55,50,0
825,"透明 天蓝色方块 #825",#284ea4,40,78,164,221,75,64,50,0
826,"透明 天蓝色方块 #826",#2e59bb,46,89,187,221,75,73,50,0
827,"透明 天蓝色方块 #827",#3363d1,51,99,209,221,75,81,50,0
828,"透明 天蓝色方块 #828",#396ee8,57,110,232,221,75,90,50,0
829,"透明 天蓝色方块 #829",#3f79ff,63,121,255,221,75,100,50,0
830,"透明 深天蓝色方块 #830",#000f33,0,15,51,221,100,20,50,0
831,"透明 深天蓝色方块 #831",#001649,0,22,73,221,100,28,50,0
832,"透明 深天蓝色方块 #832",#001d60,0,29,96,221,100,37,50,0
833,"透明 深天蓝色方块 #833",#002477,0,36,119,221,100,46,50,0
834,"透明 天蓝色方块 #834",#002b8d,0,43,141,221,100,55,50,0
835,"透明 天蓝色方块 #835",#0032a4,0,50,164,221,100,64,50,0
836,"透明 天蓝色方块 #836",#0039bb,0,57,187,221,100,73,50,0
837,"透明 天蓝色方块 #837",#003fd1,0,63,209,221,100,81,50,0
838,"透明 天蓝色方块 #838",#0046e8,0,70,232,221,100,90,50,0
839,"透明 天蓝色方块 #839",#004dff,0,77,255,221,100,100,50,0
840,"透明 深蓝色方块 #840",#282a33,40,42,51,232,20,20,50,0
841,"透明 深蓝色方块 #841",#3a3c49,58,60,73,232,20,28,50,0
842,"透明 深蓝色方块 #842",#4c4f60,76,79,96,232,20,37,50,0
843,"透明 深蓝色方块 #843",#5f6177,95,97,119,232,20,46,50,0
844,"透明 蓝色方块 #844",#70748d,112,116,141,232,20,55,50,0
845,"透明 蓝色方块 #845",#8387a4,131,135,164,232,20,64,50,0
846,"透明 蓝色方块 #846",#959abb,149,154,187,232,20,73,50,0
847,"透明 淡蓝色方块 #847",#a7acd1,167,172,209,232,20,81,50,0
848,"透明 淡蓝色方块 #848",#b9bfe8,185,191,232,232,20,90,50,0
849,"透明 淡蓝色方块 #849",#ccd2ff,204,210,255,232,20,100,50,0
850,"透明 深蓝色方块 #850",#191c33,25,28,51,232,49,20,50,0
851,"透明 深蓝色方块 #851",#242949,36,41,73,232,49,28,50,0
852,"透明 深蓝色方块 #852",#303660,48,54,96,232,49,37,50,0
853,"透明 深蓝色方块 #853",#3c4377,60,67,119,232,49,46,50,0
854,"透明 蓝色方块 #854",#474f8d,71,79,141,232,49,55,50,0
855,"透明 蓝色方块 #855",#525ca4,82,92,164,232,49,64,50,0
856,"透明 蓝色方块 #856",#5e69bb,94,105,187,232,49,73,50,0
857,"透明 淡蓝色方块 #857",#6975d1,105,117,209,232,49,81,50,0
858,"透明 淡蓝色方块 #858",#7582e8,117,130,232,232,49,90,50,0
859,"透明 淡蓝色方块 #859",#818fff,129,143,255,232,49,100,50,0
860,"透明 深蓝色方块 #860",#0c1133,12,17,51,232,75,20,50,0
861,"透明 深蓝色方块 #861",#121849,18,24,73,232,75,28,50,0
862,"透明 深蓝色方块 #862",#172060,23,32,96,232,75,37,50,0
863,"透明 深蓝色方块 #863",#1d2777,29,39,119,232,75,46,50,0
864,"透明 蓝色方块 #864",#222f8d,34,47,141,232,75,55,50,0
865,"透明 蓝色方块 #865",#2837a4,40,55,164,232,75,64,50,0
866,"透明 蓝色方块 #866",#2e3ebb,46,62,187,232,75,73,50,0
867,"透明 蓝色方块 #867",#3346d1,51,70,209,232,75,81,50,0
868,"透明 蓝色方块 #868",#394de8,57,77,232,232,75,90,50,0
869,"透明 蓝色方块 #869",#3f55ff,63,85,255,232,75,100,50,0
870,"透明 深蓝色方块 #870",#000533,0,5,51,232,100,20,50,0
871,"透明 深蓝色方块 #871",#000849,0,8,73,232,100,28,50,0
872,"透明 深蓝色方块 #872",#000b60,0,11,96,232,100,37,50,0
873,"透明 深蓝色方块 #873",#000d77,0,13,119,232,100,46,50,0
874,"透明 蓝色方块 #874",#00108d,0,16,141,232,100,55,50,0
875,"透明 蓝色方块 #875",#0013a4,0,19,164,232,100,64,50,0
876,"透明 蓝色方块 #876",#0015bb,0,21,187,232,100,73,50,0
877,"透明 蓝色方块 #877",#0018d1,0,24,209,232,100,81,50,0
878,"透明 蓝色方块 #878",#001be8,0,27,232,232,100,90,50,0
879,"透明 蓝色方块 #879",#001dff,0,29,255,232,100,100,50,0
880,"透明 深蓝色方块 #880",#292833,41,40,51,244,20,20,50,0
881,"透明 深蓝色方块 #881",#3b3a49,59,58,73,244,20,28,50,0
882,"透明 深蓝色方块 #882",#4e4c60,78,76,96,244,20,37,50,0
883,"透明 深蓝色方块 #883",#605f77,96,95,119,244,20,46,50,0
884,"透明 蓝色方块 #884",#72708d,114,112,141,244,20,55,50,0
885,"透明 蓝色方块 #885",#8583a4,133,131,164,244,20,64,50,0
886,"透明 蓝色方块 #886",#9895bb,152,149,187,244,20,73,50,0
887,"透明 淡蓝色方块 #887",#aaa7d1,170,167,209,244,20,81,50,0
888,"透明 淡蓝色方块 #888",#bcb9e8,188,185,232,244,20,90,50,0
889,"透明 淡蓝色方块 #889",#cfccff,207,204,255,244,20,100,50,0
890,"透明 深蓝色方块 #890",#1b1933,27,25,51,244,49,20,50,0
891,"透明 深蓝色方块 #891",#272449,39,36,73,244,49,28,50,0
892,"透明 深蓝色方块 #892",#333060,51,48,96,244,49,37,50,0
893,"透明 深蓝色方块 #893",#403c77,64,60,119,244,49,46,50,0
894,"透明 蓝色方块 #894",#4c478d,76,71,141,244,49,55,50,0
895,"透明 蓝色方块 #895",#5852a4,88,82,164,244,49,64,50,0
896,"透明 蓝色方块 #896",#655ebb,101,94,187,244,49,73,50,0
897,"透明 淡蓝色方块 #897",#7169d1,113,105,209,244,49,81,50,0
898,"透明 淡蓝色方块 #898",#7d75e8,125,117,232,244,49,90,50,0
899,"透明 淡蓝色方块 #899",#8981ff,137,129,255,244,49,100,50,0
900,"透明 深蓝色方块 #900",#0f0c33,15,12,51,244,75,20,50,0
901,"透明 深蓝色方块 #901",#151249,21,18,73,244,75,28,50,0
902,"透明 深蓝色方块 #902",#1c1760,28,23,96,244,75,37,50,0
903,"透明 深蓝色方块 #903",#231d77,35,29,119,244,75,46,50,0
904,"透明 蓝色方块 #904",#2a228d,42,34,141,244,75,55,50,0
905,"透明 蓝色方块 #905",#3128a4,49,40,164,244,75,64,50,0
906,"透明 蓝色方块 #906",#382ebb,56,46,187,244,75,73,50,0
907,"透明 蓝色方块 #907",#3e33d1,62,51,209,244,75,81,50,0
908,"透明 蓝色方块 #908",#4539e8,69,57,232,244,75,90,50,0
909,"透明 蓝色方块 #909",#4c3fff,76,63,255,244,75,100,50,0
910,"透明 深蓝色方块 #910",#030033,3,0,51,244,100,20,50,0
911,"透明 深蓝色方块 #911",#050049,5,0,73,244,100,28,50,0
912,"透明 深蓝色方块 #912",#060060,6,0,96,244,100,37,50,0
913,"透明 深蓝色方块 #913",#080077,8,0,119,244,100,46,50,0
914,"透明 蓝色方块 #914",#09008d,9,0,141,244,100,55,50,0
915,"透明 蓝色方块 #915",#0b00a4,11,0,164,244,100,64,50,0
916,"透明 蓝色方块 #916",#0d00bb,13,0,187,244,100,73,50,0
917,"透明 蓝色方块 #917",#0e00d1,14,0,209,244,100,81,50,0
918,"透明 蓝色方块 #918",#1000e8,16,0,232,244,100,90,50,0
919,"透明 蓝色方块 #919",#1200ff,18,0,255,244,100,100,50,0
920,"透明 深紫色方块 #920",#2b2833,43,40,51,255,20,20,50,0
921,"透明 深紫色方块 #921",#3e3a49,62,58,73,255,20,28,50,0
922,"透明 深紫色方块 #922",#514c60,81,76,96,255,20,37,50,0
923,"透明 深紫色方块 #923",#655f77,101,95,119,255,20,46,50,0
924,"透明 紫色方块 #924",#78708d,120,112,141,255,20,55,50,0
925,"透明 紫色方块 #925",#8b83a4,139,131,164,255,20,64,50,0
926,"透明 紫色方块 #926",#9f95bb,159,149,187,255,20,73,50,0
927,"透明 淡紫色方块 #927",#b2a7d1,178,167,209,255,20,81,50,0
928,"透明 淡紫色方块 #928",#c5b9e8,197,185,232,255,20,90,50,0
929,"透明 淡紫色方块 #929",#d9ccff,217,204,255,255,20,100,50,0
930,"透明 深紫色方块 #930",#201933,32,25,51,255,49,20,50,0
931,"透明 深紫色方块 #931",#2e2449,46,36,73,255,49,28,50,0
932,"透明 深紫色方块 #932",#3c3060,60,48,96,255,49,37,50,0
933,"透明 深紫色方块 #933",#4b3c77,75,60,119,255,49,46,50,0
934,"透明 紫色方块 #934",#59478d,89,71,141,255,49,55,50,0
935,"透明 紫色方块 #935",#6752a4,103,82,164,255,49,64,50,0
936,"透明 紫色方块 #936",#765ebb,118,94,187,255,49,73,50,0
937,"透明 淡紫色方块 #937",#8469d1,132,105,209,255,49,81,50,0
938,"透明 淡紫色方块 #938",#9375e8,147,117,232,255,49,90,50,0
939,"透明 淡紫色方块 #939",#a181ff,161,129,255,255,49,100,50,0
940,"透明 深紫色方块 #940",#160c33,22,12,51,255,75,20,50,0
941,"透明 深紫色方块 #941",#201249,32,18,73,255,75,28,50,0
942,"透明 深紫色方块 #942",#2a1760,42,23,96,255,75,37,50,0
943,"透明 深紫色方块 #943",#341d77,52,29,119,255,75,46,50,0
944,"透明 紫色方块 #944",#3e228d,62,34,141,255,75,55,50,0
945,"透明 紫色方块 #945",#4828a4,72,40,164,255,75,64,50,0
946,"透明 紫色方块 #946",#522ebb,82,46,187,255,75,73,50,0
947,"透明 紫色方块 #947",#5c33d1,92,51,209,255,75,81,50,0
948,"透明 紫色方块 #948",#6639e8,102,57,232,255,75,90,50,0
949,"透明 紫色方块 #949",#703fff,112,63,255,255,75,100,50,0
950,"透明 深紫色方块 #950",#0d0033,13,0,51,255,100,20,50,0
951,"透明 深紫色方块 #951",#120049,18,0,73,255,100,28,50,0
952,"透明 深紫色方块 #952",#180060,24,0,96,255,100,37,50,0
953,"透明 深紫色方块 #953",#1e0077,30,0,119,255,100,46,50,0
954,"透明 紫色方块 #954",#24008d,36,0,141,255,100,55,50,0
955,"透明 紫色方块 #955",#2a00a4,42,0,164,255,100,64,50,0
956,"透明 紫色方块 #956",#3000bb,48,0,187,255,100,73,50,0
957,"透明 紫色方块 #957",#3600d1,54,0,209,255,100,81,50,0
958,"透明 紫色方块 #958",#3c00e8,60,0,232,255,100,90,50,0
959,"透明 紫色方块 #959",#4100ff,65,0,255,255,100,100,50,0
960,"透明 深紫色方块 #960",#2d2833,45,40,51,266,20,20,50,0
961,"透明 深紫色方块 #961",#403a49,64,58,73,266,20,28,50,0
962,"透明 深紫色方块 #962",#554c60,85,76,96,266,20,37,50,0
963,"透明 深紫色方块 #963",#695f77,105,95,119,266,20,46,50,0
964,"透明 紫色方块 #964",#7d708d,125,112,141,266,20,55,50,0
965,"透明 紫色方块 #965",#9183a4,145,131,164,266,20,64,50,0
966,"透明 紫色方块 #966",#a695bb,166,149,187,266,20,73,50,0
967,"透明 淡紫色方块 #967",#b9a7d1,185,167,209,266,20,81,50,0
968,"透明 淡紫色方块 #968",#ceb9e8,206,185,232,266,20,90,50,0
969,"透明 淡紫色方块 #969",#e2ccff,226,204,255,266,20,100,50,0
970,"透明 深紫色方块 #970",#251933,37,25,51,266,49,20,50,0
971,"透明 深紫色方块 #971",#352449,53,36,73,266,49,28,50,0
972,"透明 深紫色方块 #972",#453060,69,48,96,266,49,37,50,0
973,"透明 深紫色方块 #973",#563c77,86,60,119,266,49,46,50,0
974,"透明 紫色方块 #974",#66478d,102,71,141,266,49,55,50,0
975,"透明 紫色方块 #975",#7752a4,119,82,164,266,49,64,50,0
976,"透明 紫色方块 #976",#875ebb,135,94,187,266,49,73,50,0
977,"透明 淡紫色方块 #977",#9769d1,151,105,209,266,49,81,50,0
978,"透明 淡紫色方块 #978",#a875e8,168,117,232,266,49,90,50,0
979,"透明 淡紫色方块 #979",#b981ff,185,129,255,266,49,100,50,0
980,"透明 深紫色方块 #980",#1d0c33,29,12,51,266,75,20,50,0
981,"透明 深紫色方块 #981",#2a1249,42,18,73,266,75,28,50,0
982,"透明 深紫色方块 #982",#381760,56,23,96,266,75,37,50,0
983,"透明 深紫色方块 #983",#451d77,69,29,119,266,75,46,50,0
984,"透明 紫色方块 #984",#52228d,82,34,141,266,75,55,50,0
985,"透明 紫色方块 #985",#5f28a4,95,40,164,266,75,64,50,0
986,"透明 紫色方块 #986",#6d2ebb,109,46,187,266,75,73,50,0
987,"透明 紫色方块 #987",#7933d1,121,51,209,266,75,81,50,0
988,"透明 紫色方块 #988",#8739e8,135,57,232,266,75,90,50,0
989,"透明 紫色方块 #989",#943fff,148,63,255,266,75,100,50,0
990,"透明 深紫色方块 #990",#160033,22,0,51,266,100,20,50,0
991,"透明 深紫色方块 #991",#200049,32,0,73,266,100,28,50,0
992,"透明 深紫色方块 #992",#2a0060,42,0,96,266,100,37,50,0
993,"透明 深紫色方块 #993",#350077,53,0,119,266,100,46,50,0
994,"透明 紫色方块 #994",#3f008d,63,0,141,266,100,55,50,0
995,"透明 紫色方块 #995",#4900a4,73,0,164,266,100,64,50,0
996,"透明 紫色方块 #996",#5300bb,83,0,187,266,100,73,50,0
997,"透明 紫色方块 #997",#5d00d1,93,0,209,266,100,81,50,0
998,"透明 紫色方块 #998",#6700e8,103,0,232,266,100,90,50,0
999,"透明 紫色方块 #999",#7200ff,114,0,255,266,100,100,50,0
1000,"透明 深紫色方块 #1000",#2f2833,47,40,51,278,20,20,50,0
1001,"透明 深紫色方块 #1001",#433a49,67,58,73,278,20,28,50,0
1002,"透明 深紫色方块 #1002",#584c60,88,76,96,278,20,37,50,0
1003,"透明 深紫色方块 #1003",#6e5f77,110,95,119,278,20,46,50,0
1004,"透明 紫色方块 #1004",#82708d,130,112,141,278,20,55,50,0
1005,"透明 紫色方块 #1005",#9883a4,152,131,164,278,20,64,50,0
1006,"透明 紫色方块 #1006",#ad95bb,173,149,187,278,20,73,50,0
1007,"透明 淡紫色方块 #1007",#c1a7d1,193,167,209,278,20,81,50,0
1008,"透明 淡紫色方块 #1008",#d7b9e8,215,185,232,278,20,90,50,0
1009,"透明 淡紫色方块 #1009",#ecccff,236,204,255,278,20,100,50,0
1010,"透明 深紫色方块 #1010",#291933,41,25,51,278,49,20,50,0
1011,"透明 深紫色方块 #1011",#3b2449,59,36,73,278,49,28,50,0
1012,"透明 深紫色方块 #1012",#4e3060,78,48,96,278,49,37,50,0
1013,"透明 深紫色方块 #1013",#613c77,97,60,119,278,49,46,50,0
1014,"透明 紫色方块 #1014",#73478d,115,71,141,278,49,55,50,0
1015,"透明 紫色方块 #1015",#8652a4,134,82,164,278,49,64,50,0
1016,"透明 紫色方块 #1016",#995ebb,153,94,187,278,49,73,50,0
1017,"透明 淡紫色方块 #1017",#ab69d1,171,105,209,278,49,81,50,0
1018,"透明 淡紫色方块 #1018",#be75e8,190,117,232,278,49,90,50,0
1019,"透明 淡紫色方块 #1019",#d181ff,209,129,255,278,49,100,50,0
1020,"透明 深紫色方块 #1020",#240c33,36,12,51,278,75,20,50,0
1021,"透明 深紫色方块 #1021",#341249,52,18,73,278,75,28,50,0
1022,"透明 深紫色方块 #1022",#451760,69,23,96,278,75,37,50,0
1023,"透明 深紫色方块 #1023",#561d77,86,29,119,278,75,46,50,0
1024,"透明 紫色方块 #1024",#66228d,102,34,141,278,75,55,50,0
1025,"透明 紫色方块 #1025",#7628a4,118,40,164,278,75,64,50,0
1026,"透明 紫色方块 #1026",#872ebb,135,46,187,278,75,73,50,0
1027,"透明 紫色方块 #1027",#9733d1,151,51,209,278,75,81,50,0
1028,"透明 紫色方块 #1028",#a839e8,168,57,232,278,75,90,50,0
1029,"透明 紫色方块 #1029",#b83fff,184,63,255,278,75,100,50,0
1030,"透明 深紫色方块 #1030",#200033,32,0,51,278,100,20,50,0
1031,"透明 深紫色方块 #1031",#2e0049,46,0,73,278,100,28,50,0
1032,"透明 深紫色方块 #1032",#3c0060,60,0,96,278,100,37,50,0
1033,"透明 深紫色方块 #1033",#4b0077,75,0,119,278,100,46,50,0
1034,"透明 紫色方块 #1034",#59008d,89,0,141,278,100,55,50,0
1035,"透明 紫色方块 #1035",#6800a4,104,0,164,278,100,64,50,0
1036,"透明 紫色方块 #1036",#7600bb,118,0,187,278,100,73,50,0
1037,"透明 紫色方块 #1037",#8400d1,132,0,209,278,100,81,50,0
1038,"透明 紫色方块 #1038",#9300e8,147,0,232,278,100,90,50,0
1039,"透明 紫色方块 #1039",#a200ff,162,0,255,278,100,100,50,0
1040,"透明 深品红色方块 #1040",#312833,49,40,51,289,20,20,50,0
1041,"透明 深品红色方块 #1041",#463a49,70,58,73,289,20,28,50,0
1042,"透明 深品红色方块 #1042",#5c4c60,92,76,96,289,20,37,50,0
1043,"透明 深品红色方块 #1043",#725f77,114,95,119,289,20,46,50,0
1044,"透明 品红色方块 #1044",#88708d,136,112,141,289,20,55,50,0
1045,"透明 品红色方块 #1045",#9e83a4,158,131,164,289,20,64,50,0
1046,"透明 品红色方块 #1046",#b495bb,180,149,187,289,20,73,50,0
1047,"透明 淡品红色方块 #1047",#c9a7d1,201,167,209,289,20,81,50,0
1048,"透明 淡品红色方块 #1048",#dfb9e8,223,185,232,289,20,90,50,0
1049,"透明 淡品红色方块 #1049",#f6ccff,246,204,255,289,20,100,50,0
1050,"透明 深品红色方块 #1050",#2e1933,46,25,51,289,49,20,50,0
1051,"透明 深品红色方块 #1051",#422449,66,36,73,289,49,28,50,0
1052,"透明 深品红色方块 #1052",#573060,87,48,96,289,49,37,50,0
1053,"透明 深品红色方块 #1053",#6c3c77,108,60,119,289,49,46,50,0
1054,"透明 品红色方块 #1054",#80478d,128,71,141,289,49,55,50,0
1055,"透明 品红色方块 #1055",#9552a4,149,82,164,289,49,64,50,0
1056,"透明 品红色方块 #1056",#aa5ebb,170,94,187,289,49,73,50,0
1057,"透明 淡品红色方块 #1057",#be69d1,190,105,209,289,49,81,50,0
1058,"透明 淡品红色方块 #1058",#d375e8,211,117,232,289,49,90,50,0
1059,"透明 淡品红色方块 #1059",#e881ff,232,129,255,289,49,100,50,0
1060,"透明 深品红色方块 #1060",#2c0c33,44,12,51,289,75,20,50,0
1061,"透明 深品红色方块 #1061",#3f1249,63,18,73,289,75,28,50,0
1062,"透明 深品红色方块 #1062",#531760,83,23,96,289,75,37,50,0
1063,"透明 深品红色方块 #1063",#671d77,103,29,119,289,75,46,50,0
1064,"透明 品红色方块 #1064",#7a228d,122,34,141,289,75,55,50,0
1065,"透明 品红色方块 #1065",#8e28a4,142,40,164,289,75,64,50,0
1066,"透明 品红色方块 #1066",#a22ebb,162,46,187,289,75,73,50,0
1067,"透明 品红色方块 #1067",#b533d1,181,51,209,289,75,81,50,0
1068,"透明 品红色方块 #1068",#c939e8,201,57,232,289,75,90,50,0
1069,"透明 品红色方块 #1069",#dd3fff,221,63,255,289,75,100,50,0
1070,"透明 深品红色方块 #1070",#2a0033,42,0,51,289,100,20,50,0
1071,"透明 深品红色方块 #1071",#3c0049,60,0,73,289,100,28,50,0
1072,"透明 深品红色方块 #1072",#4f0060,79,0,96,289,100,37,50,0
1073,"透明 深品红色方块 #1073",#620077,98,0,119,289,100,46,50,0
1074,"透明 品红色方块 #1074",#74008d,116,0,141,289,100,55,50,0
1075,"透明 品红色方块 #1075",#8700a4,135,0,164,289,100,64,50,0
1076,"透明 品红色方块 #1076",#9a00bb,154,0,187,289,100,73,50,0
1077,"透明 品红色方块 #1077",#ac00d1,172,0,209,289,100,81,50,0
1078,"透明 品红色方块 #1078",#bf00e8,191,0,232,289,100,90,50,0
1079,"透明 品红色方块 #1079",#d200ff,210,0,255,289,100,100,50,0
1080,"透明 深品红色方块 #1080",#332832,51,40,50,300,20,20,50,0
1081,"透明 深品红色方块 #1081",#493a48,73,58,72,300,20,28,50,0
1082,"透明 深品红色方块 #1082",#604c5f,96,76,95,300,20,37,50,0
1083,"透明 深品红色方块 #1083",#775f76,119,95,118,300,20,46,50,0
1084,"透明 品红色方块 #1084",#8d708c,141,112,140,300,20,55,50,0
1085,"透明 品红色方块 #1085",#a483a3,164,131,163,300,20,64,50,0
1086,"透明 品红色方块 #1086",#bb95ba,187,149,186,300,20,73,50,0
1087,"透明 淡品红色方块 #1087",#d1a7d0,209,167,208,300,20,81,50,0
1088,"透明 淡品红色方块 #1088",#e8b9e7,232,185,231,300,20,90,50,0
1089,"透明 淡品红色方块 #1089",#ffccfe,255,204,254,300,20,100,50,0
1090,"透明 深品红色方块 #1090",#331932,51,25,50,300,49,20,50,0
1091,"透明 深品红色方块 #1091",#492448,73,36,72,300,49,28,50,0
1092,"透明 深品红色方块 #1092",#60305f,96,48,95,300,49,37,50,0
1093,"透明 深品红色方块 #1093",#773c76,119,60,118,300,49,46,50,0
1094,"透明 品红色方块 #1094",#8d478c,141,71,140,300,49,55,50,0
1095,"透明 品红色方块 #1095",#a452a3,164,82,163,300,49,64,50,0
1096,"透明 品红色方块 #1096",#bb5eb9,187,94,185,300,49,73,50,0
1097,"透明 淡品红色方块 #1097",#d169cf,209,105,207,300,49,81,50,0
1098,"透明 淡品红色方块 #1098",#e875e6,232,117,230,300,49,90,50,0
1099,"透明 淡品红色方块 #1099",#ff81fd,255,129,253,300,49,100,50,0
1100,"透明 深品红色方块 #1100",#330c32,51,12,50,300,75,20,50,0
1101,"透明 深品红色方块 #1101",#491248,73,18,72,300,75,28,50,0
1102,"透明 深品红色方块 #1102",#60175f,96,23,95,300,75,37,50,0
1103,"透明 深品红色方块 #1103",#771d75,119,29,117,300,75,46,50,0
1104,"透明 品红色方块 #1104",#8d228b,141,34,139,300,75,55,50,0
1105,"透明 品红色方块 #1105",#a428a2,164,40,162,300,75,64,50,0
1106,"透明 品红色方块 #1106",#bb2eb9,187,46,185,300,75,73,50,0
1107,"透明 品红色方块 #1107",#d133cf,209,51,207,300,75,81,50,0
1108,"透明 品红色方块 #1108",#e839e5,232,57,229,300,75,90,50,0
1109,"透明 品红色方块 #1109",#ff3ffc,255,63,252,300,75,100,50,0
1110,"透明 深品红色方块 #1110",#330032,51,0,50,300,100,20,50,0
1111,"透明 深品红色方块 #1111",#490048,73,0,72,300,100,28,50,0
1112,"透明 深品红色方块 #1112",#60005e,96,0,94,300,100,37,50,0
1113,"透明 深品红色方块 #1113",#770075,119,0,117,300,100,46,50,0
1114,"透明 品红色方块 #1114",#8d008b,141,0,139,300,100,55,50,0
1115,"透明 品红色方块 #1115",#a400a2,164,0,162,300,100,64,50,0
1116,"透明 品红色方块 #1116",#bb00b8,187,0,184,300,100,73,50,0
1117,"透明 品红色方块 #1117",#d100ce,209,0,206,300,100,81,50,0
1118,"透明 品红色方块 #1118",#e800e5,232,0,229,300,100,90,50,0
1119,"透明 品红色方块 #1119",#ff00fc,255,0,252,300,100,100,50,0
1120,"透明 深品红色方块 #1120",#332830,51,40,48,312,20,20,50,0
1121,"透明 深品红色方块 #1121",#493a46,73,58,70,312,20,28,50,0
1122,"透明 深品红色方块 #1122",#604c5c,96,76,92,312,20,37,50,0
1123,"透明 深品红色方块 #1123",#775f72,119,95,114,312,20,46,50,0
1124,"透明 品红色方块 #1124",#8d7087,141,112,135,312,20,55,50,0
1125,"透明 品红色方块 #1125",#a4839d,164,131,157,312,20,64,50,0
1126,"透明 品红色方块 #1126",#bb95b3,187,149,179,312,20,73,50,0
1127,"透明 淡品红色方块 #1127",#d1a7c8,209,167,200,312,20,81,50,0
1128,"透明 淡品红色方块 #1128",#e8b9de,232,185,222,312,20,90,50,0
1129,"透明 淡品红色方块 #1129",#ffccf4,255,204,244,312,20,100,50,0
1130,"透明 深品红色方块 #1130",#33192d,51,25,45,312,49,20,50,0
1131,"透明 深品红色方块 #1131",#492441,73,36,65,312,49,28,50,0
1132,"透明 深品红色方块 #1132",#603056,96,48,86,312,49,37,50,0
1133,"透明 深品红色方块 #1133",#773c6b,119,60,107,312,49,46,50,0
1134,"透明 品红色方块 #1134",#8d477f,141,71,127,312,49,55,50,0
1135,"透明 品红色方块 #1135",#a45293,164,82,147,312,49,64,50,0
1136,"透明 品红色方块 #1136",#bb5ea8,187,94,168,312,49,73,50,0
1137,"透明 淡品红色方块 #1137",#d169bc,209,105,188,312,49,81,50,0
1138,"透明 淡品红色方块 #1138",#e875d1,232,117,209,312,49,90,50,0
1139,"透明 淡品红色方块 #1139",#ff81e5,255,129,229,312,49,100,50,0
1140,"透明 深品红色方块 #1140",#330c2b,51,12,43,312,75,20,50,0
1141,"透明 深品红色方块 #1141",#49123e,73,18,62,312,75,28,50,0
1142,"透明 深品红色方块 #1142",#601751,96,23,81,312,75,37,50,0
1143,"透明 深品红色方块 #1143",#771d65,119,29,101,312,75,46,50,0
1144,"透明 品红色方块 #1144",#8d2277,141,34,119,312,75,55,50,0
1145,"透明 品红色方块 #1145",#a4288b,164,40,139,312,75,64,50,0
1146,"透明 品红色方块 #1146",#bb2e9e,187,46,158,312,75,73,50,0
1147,"透明 品红色方块 #1147",#d133b1,209,51,177,312,75,81,50,0
1148,"透明 品红色方块 #1148",#e839c5,232,57,197,312,75,90,50,0
1149,"透明 品红色方块 #1149",#ff3fd8,255,63,216,312,75,100,50,0
1150,"透明 深品红色方块 #1150",#330028,51,0,40,312,100,20,50,0
1151,"透明 深品红色方块 #1151",#49003a,73,0,58,312,100,28,50,0
1152,"透明 深品红色方块 #1152",#60004c,96,0,76,312,100,37,50,0
1153,"透明 深品红色方块 #1153",#77005f,119,0,95,312,100,46,50,0
1154,"透明 品红色方块 #1154",#8d0070,141,0,112,312,100,55,50,0
1155,"透明 品红色方块 #1155",#a40083,164,0,131,312,100,64,50,0
1156,"透明 品红色方块 #1156",#bb0095,187,0,149,312,100,73,50,0
1157,"透明 品红色方块 #1157",#d100a7,209,0,167,312,100,81,50,0
1158,"透明 品红色方块 #1158",#e800b9,232,0,185,312,100,90,50,0
1159,"透明 品红色方块 #1159",#ff00cb,255,0,203,312,100,100,50,0
1160,"透明 深粉色方块 #1160",#33282f,51,40,47,323,20,20,50,0
1161,"透明 深粉色方块 #1161",#493a43,73,58,67,323,20,28,50,0
1162,"透明 深粉色方块 #1162",#604c58,96,76,88,323,20,37,50,0
1163,"透明 深粉色方块 #1163",#775f6d,119,95,109,323,20,46,50,0
1164,"透明 粉色方块 #1164",#8d7082,141,112,130,323,20,55,50,0
1165,"透明 粉色方块 #1165",#a48397,164,131,151,323,20,64,50,0
1166,"透明 粉色方块 #1166",#bb95ac,187,149,172,323,20,73,50,0
1167,"透明 淡粉色方块 #1167",#d1a7c0,209,167,192,323,20,81,50,0
1168,"透明 淡粉色方块 #1168",#e8b9d5,232,185,213,323,20,90,50,0
1169,"透明 淡粉色方块 #1169",#ffcceb,255,204,235,323,20,100,50,0
1170,"透明 深粉色方块 #1170",#331929,51,25,41,323,49,20,50,0
1171,"透明 深粉色方块 #1171",#49243a,73,36,58,323,49,28,50,0
1172,"透明 深粉色方块 #1172",#60304d,96,48,77,323,49,37,50,0
1173,"透明 深粉色方块 #1173",#773c60,119,60,96,323,49,46,50,0
1174,"透明 粉色方块 #1174",#8d4771,141,71,113,323,49,55,50,0
1175,"透明 粉色方块 #1175",#a45284,164,82,132,323,49,64,50,0
1176,"透明 粉色方块 #1176",#bb5e97,187,94,151,323,49,73,50,0
1177,"透明 淡粉色方块 #1177",#d169a8,209,105,168,323,49,81,50,0
1178,"透明 淡粉色方块 #1178",#e875bb,232,117,187,323,49,90,50,0
1179,"透明 淡粉色方块 #1179",#ff81ce,255,129,206,323,49,100,50,0
1180,"透明 深粉色方块 #1180",#330c24,51,12,36,323,75,20,50,0
1181,"透明 深粉色方块 #1181",#491233,73,18,51,323,75,28,50,0
1182,"透明 深粉色方块 #1182",#601743,96,23,67,323,75,37,50,0
1183,"透明 深粉色方块 #1183",#771d54,119,29,84,323,75,46,50,0
1184,"透明 粉色方块 #1184",#8d2263,141,34,99,323,75,55,50,0
1185,"透明 粉色方块 #1185",#a42874,164,40,116,323,75,64,50,0
1186,"透明 粉色方块 #1186",#bb2e84,187,46,132,323,75,73,50,0
1187,"透明 粉色方块 #1187",#d13393,209,51,147,323,75,81,50,0
1188,"透明 粉色方块 #1188",#e839a4,232,57,164,323,75,90,50,0
1189,"透明 粉色方块 #1189",#ff3fb4,255,63,180,323,75,100,50,0
1190,"透明 深粉色方块 #1190",#33001f,51,0,31,323,100,20,50,0
1191,"透明 深粉色方块 #1191",#49002c,73,0,44,323,100,28,50,0
1192,"透明 深粉色方块 #1192",#60003a,96,0,58,323,100,37,50,0
1193,"透明 深粉色方块 #1193",#770048,119,0,72,323,100,46,50,0
1194,"透明 粉色方块 #1194",#8d0056,141,0,86,323,100,55,50,0
1195,"透明 粉色方块 #1195",#a40064,164,0,100,323,100,64,50,0
1196,"透明 粉色方块 #1196",#bb0072,187,0,114,323,100,73,50,0
1197,"透明 粉色方块 #1197",#d1007f,209,0,127,323,100,81,50,0
1198,"透明 粉色方块 #1198",#e8008d,232,0,141,323,100,90,50,0
1199,"透明 粉色方块 #1199",#ff009b,255,0,155,323,100,100,50,0
1200,"透明 深粉色方块 #1200",#33282d,51,40,45,333,20,20,50,0
1201,"透明 深粉色方块 #1201",#493a40,73,58,64,333,20,28,50,0
1202,"透明 深粉色方块 #1202",#604c55,96,76,85,333,20,37,50,0
1203,"透明 深粉色方块 #1203",#775f69,119,95,105,333,20,46,50,0
1204,"透明 粉色方块 #1204",#8d707d,141,112,125,333,20,55,50,0
1205,"透明 粉色方块 #1205",#a48391,164,131,145,333,20,64,50,0
1206,"透明 粉色方块 #1206",#bb95a6,187,149,166,333,20,73,50,0
1207,"透明 淡粉色方块 #1207",#d1a7b9,209,167,185,333,20,81,50,0
1208,"透明 淡粉色方块 #1208",#e8b9ce,232,185,206,333,20,90,50,0
1209,"透明 淡粉色方块 #1209",#ffcce2,255,204,226,333,20,100,50,0
1210,"透明 深粉色方块 #1210",#331925,51,25,37,333,49,20,50,0
1211,"透明 深粉色方块 #1211",#492435,73,36,53,333,49,28,50,0
1212,"透明 深粉色方块 #1212",#603045,96,48,69,333,49,37,50,0
1213,"透明 深粉色方块 #1213",#773c56,119,60,86,333,49,46,50,0
1214,"透明 粉色方块 #1214",#8d4766,141,71,102,333,49,55,50,0
1215,"透明 粉色方块 #1215",#a45277,164,82,119,333,49,64,50,0
1216,"透明 粉色方块 #1216",#bb5e87,187,94,135,333,49,73,50,0
1217,"透明 淡粉色方块 #1217",#d16997,209,105,151,333,49,81,50,0
1218,"透明 淡粉色方块 #1218",#e875a8,232,117,168,333,49,90,50,0
1219,"透明 淡粉色方块 #1219",#ff81b9,255,129,185,333,49,100,50,0
1220,"透明 深粉色方块 #1220",#330c1d,51,12,29,333,75,20,50,0
1221,"透明 深粉色方块 #1221",#49122a,73,18,42,333,75,28,50,0
1222,"透明 深粉色方块 #1222",#601738,96,23,56,333,75,37,50,0
1223,"透明 深粉色方块 #1223",#771d45,119,29,69,333,75,46,50,0
1224,"透明 粉色方块 #1224",#8d2252,141,34,82,333,75,55,50,0
1225,"透明 粉色方块 #1225",#a4285f,164,40,95,333,75,64,50,0
1226,"透明 粉色方块 #1226",#bb2e6d,187,46,109,333,75,73,50,0
1227,"透明 粉色方块 #1227",#d13379,209,51,121,333,75,81,50,0
1228,"透明 粉色方块 #1228",#e83987,232,57,135,333,75,90,50,0
1229,"透明 粉色方块 #1229",#ff3f94,255,63,148,333,75,100,50,0
1230,"透明 深粉色方块 #1230",#330016,51,0,22,333,100,20,50,0
1231,"透明 深粉色方块 #1231",#490020,73,0,32,333,100,28,50,0
1232,"透明 深粉色方块 #1232",#60002a,96,0,42,333,100,37,50,0
1233,"透明 深粉色方块 #1233",#770035,119,0,53,333,100,46,50,0
1234,"透明 粉色方块 #1234",#8d003f,141,0,63,333,100,55,50,0
1235,"透明 粉色方块 #1235",#a40049,164,0,73,333,100,64,50,0
1236,"透明 粉色方块 #1236",#bb0053,187,0,83,333,100,73,50,0
1237,"透明 粉色方块 #1237",#d1005d,209,0,93,333,100,81,50,0
1238,"透明 粉色方块 #1238",#e80067,232,0,103,333,100,90,50,0
1239,"透明 粉色方块 #1239",#ff0072,255,0,114,333,100,100,50,0
1240,"透明 深粉色方块 #1240",#33282b,51,40,43,344,20,20,50,0
1241,"透明 深粉色方块 #1241",#493a3e,73,58,62,344,20,28,50,0
1242,"透明 深粉色方块 #1242",#604c51,96,76,81,344,20,37,50,0
1243,"透明 深粉色方块 #1243",#775f65,119,95,101,344,20,46,50,0
1244,"透明 粉色方块 #1244",#8d7078,141,112,120,344,20,55,50,0
1245,"透明 粉色方块 #1245",#a4838b,164,131,139,344,20,64,50,0
1246,"透明 粉色方块 #1246",#bb959f,187,149,159,344,20,73,50,0
1247,"透明 淡粉色方块 #1247",#d1a7b2,209,167,178,344,20,81,50,0
1248,"透明 淡粉色方块 #1248",#e8b9c5,232,185,197,344,20,90,50,0
1249,"透明 淡粉色方块 #1249",#ffccd9,255,204,217,344,20,100,50,0
1250,"透明 深粉色方块 #1250",#331920,51,25,32,344,49,20,50,0
1251,"透明 深粉色方块 #1251",#49242e,73,36,46,344,49,28,50,0
1252,"透明 深粉色方块 #1252",#60303c,96,48,60,344,49,37,50,0
1253,"透明 深粉色方块 #1253",#773c4b,119,60,75,344,49,46,50,0
1254,"透明 粉色方块 #1254",#8d4759,141,71,89,344,49,55,50,0
1255,"透明 粉色方块 #1255",#a45267,164,82,103,344,49,64,50,0
1256,"透明 粉色方块 #1256",#bb5e76,187,94,118,344,49,73,50,0
1257,"透明 淡粉色方块 #1257",#d16984,209,105,132,344,49,81,50,0
1258,"透明 淡粉色方块 #1258",#e87593,232,117,147,344,49,90,50,0
1259,"透明 淡粉色方块 #1259",#ff81a1,255,129,161,344,49,100,50,0
1260,"透明 深粉色方块 #1260",#330c16,51,12,22,344,75,20,50,0
1261,"透明 深粉色方块 #1261",#491220,73,18,32,344,75,28,50,0
1262,"透明 深粉色方块 #1262",#60172a,96,23,42,344,75,37,50,0
1263,"透明 深粉色方块 #1263",#771d34,119,29,52,344,75,46,50,0
1264,"透明 粉色方块 #1264",#8d223e,141,34,62,344,75,55,50,0
1265,"透明 粉色方块 #1265",#a42848,164,40,72,344,75,64,50,0
1266,"透明 粉色方块 #1266",#bb2e52,187,46,82,344,75,73,50,0
1267,"透明 粉色方块 #1267",#d1335c,209,51,92,344,75,81,50,0
1268,"透明 粉色方块 #1268",#e83966,232,57,102,344,75,90,50,0
1269,"透明 粉色方块 #1269",#ff3f70,255,63,112,344,75,100,50,0
1270,"透明 深粉色方块 #1270",#33000d,51,0,13,344,100,20,50,0
1271,"透明 深粉色方块 #1271",#490012,73,0,18,344,100,28,50,0
1272,"透明 深粉色方块 #1272",#600018,96,0,24,344,100,37,50,0
1273,"透明 深粉色方块 #1273",#77001e,119,0,30,344,100,46,50,0
1274,"透明 粉色方块 #1274",#8d0024,141,0,36,344,100,55,50,0
1275,"透明 粉色方块 #1275",#a4002a,164,0,42,344,100,64,50,0
1276,"透明 粉色方块 #1276",#bb0030,187,0,48,344,100,73,50,0
1277,"透明 粉色方块 #1277",#d10036,209,0,54,344,100,81,50,0
1278,"透明 粉色方块 #1278",#e8003c,232,0,60,344,100,90,50,0
1279,"透明 粉色方块 #1279",#ff0041,255,0,65,344,100,100,50,0
1280,"透明 黑色方块 #1280",#333333,51,51,51,0,0,20,50,0
1281,"透明 灰色方块 #1281",#494949,73,73,73,0,0,28,50,0
1282,"透明 灰色方块 #1282",#606060,96,96,96,0,0,37,50,0
1283,"透明 灰色方块 #1283",#777777,119,119,119,0,0,46,50,0
1284,"透明 银色方块 #1284",#8d8d8d,141,141,141,0,0,55,50,0
1285,"透明 银色方块 #1285",#a4a4a4,164,164,164,0,0,64,50,0
1286,"透明 银色方块 #1286",#bbbbbb,187,187,187,0,0,73,50,0
1287,"透明 白色方块 #1287",#d1d1d1,209,209,209,0,0,81,50,0
1288,"透明 白色方块 #1288",#e8e8e8,232,232,232,0,0,90,50,0
1289,"透明 白色方块 #1289",#ffffff,255,255,255,0,0,100,50,0
0,"发光 深红色方块 #0",#332828,51,40,40,0,20,20,100,15
1,"发光 深红色方块 #1",#493a3a,73,58,58,0,20,28,100,15
2,"发光 深红色方块 #2",#604c4c,96,76,76,0,20,37,100,15
3,"发光 深红色方块 #3",#775f5f,119,95,95,0,20,46,100,15
4,"发光 红色方块 #4",#8d7070,141,112,112,0,20,55,100,15
5,"发光 红色方块 #5",#a48383,164,131,131,0,20,64,100,15
6,"发光 红色方块 #6",#bb9595,187,149,149,0,20,73,100,15
7,"发光 淡红色方块 #7",#d1a7a7,209,167,167,0,20,81,100,15
8,"发光 淡红色方块 #8",#e8b9b9,232,185,185,0,20,90,100,15
9,"发光 淡红色方块 #9",#ffcccc,255,204,204,0,20,100,100,15
10,"发光 深红色方块 #10",#331919,51,25,25,0,49,20,100,15
11,"发光 深红色方块 #11",#492424,73,36,36,0,49,28,100,15
12,"发光 深红色方块 #12",#603030,96,48,48,0,49,37,100,15
13,"发光 深红色方块 #13",#773c3c,119,60,60,0,49,46,100,15
14,"发光 红色方块 #14",#8d4747,141,71,71,0,49,55,100,15
15,"发光 红色方块 #15",#a45252,164,82,82,0,49,64,100,15
16,"发光 红色方块 #16",#bb5e5e,187,94,94,0,49,73,100,15
17,"发光 淡红色方块 #17",#d16969,209,105,105,0,49,81,100,15
18,"发光 淡红色方块 #18",#e87575,232,117,117,0,49,90,100,15
19,"发光 淡红色方块 #19",#ff8181,255,129,129,0,49,100,100,15
20,"发光 深红色方块 #20",#330c0c,51,12,12,0,75,20,100,15
21,"发光 深红色方块 #21",#491212,73,18,18,0,75,28,100,15
22,"发光 深红色方块 #22",#601717,96,23,23,0,75,37,100,15
23,"发光 深红色方块 #23",#771d1d,119,29,29,0,75,46,100,15
24,"发光 红色方块 #24",#8d2222,141,34,34,0,75,55,100,15
25,"发光 红色方块 #25",#a42828,164,40,40,0,75,64,100,15
26,"发光 红色方块 #26",#bb2e2e,187,46,46,0,75,73,100,15
27,"发光 红色方块 #27",#d13333,209,51,51,0,75,81,100,15
28,"发光 红色方块 #28",#e83939,232,57,57,0,75,90,100,15
29,"发光 红色方块 #29",#ff3f3f,255,63,63,0,75,100,100,15
30,"发光 深红色方块 #30",#330000,51,0,0,0,100,20,100,15
31,"发光 深红色方块 #31",#490000,73,0,0,0,100,28,100,15
32,"发光 深红色方块 #32",#600000,96,0,0,0,100,37,100,15
33,"发光 深红色方块 #33",#770000,119,0,0,0,100,46,100,15
34,"发光 红色方块 #34",#8d0000,141,0,0,0,100,55,100,15
35,"发光 红色方块 #35",#a40000,164,0,0,0,100,64,100,15
36,"发光 红色方块 #36",#bb0000,187,0,0,0,100,73,100,15
37,"发光 红色方块 #37",#d10000,209,0,0,0,100,81,100,15
38,"发光 红色方块 #38",#e80000,232,0,0,0,100,90,100,15
39,"发光 红色方块 #39",#ff0000,255,0,0,0,100,100,100,15
40,"发光 深红色方块 #40",#332a28,51,42,40,9,20,20,100,15
41,"发光 深红色方块 #41",#493c3a,73,60,58,9,20,28,100,15
42,"发光 深红色方块 #42",#604f4c,96,79,76,9,20,37,100,15
43,"发光 深红色方块 #43",#77635f,119,99,95,9,20,46,100,15
44,"发光 红色方块 #44",#8d7570,141,117,112,9,20,55,100,15
45,"发光 红色方块 #45",#a48883,164,136,131,9,20,64,100,15
46,"发光 红色方块 #46",#bb9b95,187,155,149,9,20,73,100,15
47,"发光 淡红色方块 #47",#d1aea7,209,174,167,9,20,81,100,15
48,"发光 淡红色方块 #48",#e8c1b9,232,193,185,9,20,90,100,15
49,"发光 淡红色方块 #49",#ffd4cc,255,212,204,9,20,100,100,15
50,"发光 深红色方块 #50",#331d19,51,29,25,9,49,20,100,15
51,"发光 深红色方块 #51",#492a24,73,42,36,9,49,28,100,15
52,"发光 深红色方块 #52",#603830,96,56,48,9,49,37,100,15
53,"发光 深红色方块 #53",#77453c,119,69,60,9,49,46,100,15
54,"发光 红色方块 #54",#8d5247,141,82,71,9,49,55,100,15
55,"发光 红色方块 #55",#a46052,164,96,82,9,49,64,100,15
56,"发光 红色方块 #56",#bb6d5e,187,109,94,9,49,73,100,15
57,"发光 淡红色方块 #57",#d17a69,209,122,105,9,49,81,100,15
58,"发光 淡红色方块 #58",#e88875,232,136,117,9,49,90,100,15
59,"发光 淡红色方块 #59",#ff9581,255,149,129,9,49,100,100,15
60,"发光 深红色方块 #60",#33120c,51,18,12,9,75,20,100,15
61,"发光 深红色方块 #61",#491b12,73,27,18,9,75,28,100,15
62,"发光 深红色方块 #62",#602317,96,35,23,9,75,37,100,15
63,"发光 深红色方块 #63",#772c1d,119,44,29,9,75,46,100,15
64,"发光 红色方块 #64",#8d3422,141,52,34,9,75,55,100,15
65,"发光 红色方块 #65",#a43c28,164,60,40,9,75,64,100,15
66,"发光 红色方块 #66",#bb452e,187,69,46,9,75,73,100,15
67,"发光 红色方块 #67",#d14d33,209,77,51,9,75,81,100,15
68,"发光 红色方块 #68",#e85639,232,86,57,9,75,90,100,15
69,"发光 红色方块 #69",#ff5e3f,255,94,63,9,75,100,100,15
70,"发光 深红色方块 #70",#330800,51,8,0,9,100,20,100,15
71,"发光 深红色方块 #71",#490c00,73,12,0,9,100,28,100,15
72,"发光 深红色方块 #72",#600f00,96,15,0,9,100,37,100,15
73,"发光 深红色方块 #73",#771300,119,19,0,9,100,46,100,15
74,"发光 红色方块 #74",#8d1700,141,23,0,9,100,55,100,15
75,"发光 红色方块 #75",#a41b00,164,27,0,9,100,64,100,15
76,"发光 红色方块 #76",#bb1e00,187,30,0,9,100,73,100,15
77,"发光 红色方块 #77",#d12200,209,34,0,9,100,81,100,15
78,"发光 红色方块 #78",#e82600,232,38,0,9,100,90,100,15
79,"发光 红色方块 #79",#ff2900,255,41,0,9,100,100,100,15
80,"发光 深橙色方块 #80",#332c28,51,44,40,21,20,20,100,15
81,"发光 深橙色方块 #81",#493f3a,73,63,58,21,20,28,100,15
82,"发光 深橙色方块 #82",#60534c,96,83,76,21,20,37,100,15
83,"发光 深橙色方块 #83",#77675f,119,103,95,21,20,46,100,15
84,"发光 橙色方块 #84",#8d7a70,141,122,112,21,20,55,100,15
85,"发光 橙色方块 #85",#a48e83,164,142,131,21,20,64,100,15
86,"发光 橙色方块 #86",#bba295,187,162,149,21,20,73,100,15
87,"发光 淡橙色方块 #87",#d1b5a7,209,181,167,21,20,81,100,15
88,"发光 淡橙色方块 #88",#e8c9b9,232,201,185,21,20,90,100,15
89,"发光 淡橙色方块 #89",#ffdecc,255,222,204,21,20,100,100,15
90,"发光 深橙色方块 #90",#332219,51,34,25,21,49,20,100,15
91,"发光 深橙色方块 #91",#493124,73,49,36,21,49,28,100,15
92,"发光 深橙色方块 #92",#604130,96,65,48,21,49,37,100,15
93,"发光 深橙色方块 #93",#77503c,119,80,60,21,49,46,100,15
94,"发光 橙色方块 #94",#8d5f47,141,95,71,21,49,55,100,15
95,"发光 橙色方块 #95",#a46f52,164,111,82,21,49,64,100,15
96,"发光 橙色方块 #96",#bb7f5e,187,127,94,21,49,73,100,15
97,"发光 淡橙色方块 #97",#d18e69,209,142,105,21,49,81,100,15
98,"发光 淡橙色方块 #98",#e89d75,232,157,117,21,49,90,100,15
99,"发光 淡橙色方块 #99",#ffad81,255,173,129,21,49,100,100,15
100,"发光 深橙色方块 #100",#331a0c,51,26,12,21,75,20,100,15
101,"发光 深橙色方块 #101",#492512,73,37,18,21,75,28,100,15
102,"发光 深橙色方块 #102",#603117,96,49,23,21,75,37,100,15
103,"发光 深橙色方块 #103",#773d1d,119,61,29,21,75,46,100,15
104,"发光 橙色方块 #104",#8d4822,141,72,34,21,75,55,100,15
105,"发光 橙色方块 #105",#a45428,164,84,40,21,75,64,100,15
106,"发光 橙色方块 #106",#bb5f2e,187,95,46,21,75,73,100,15
107,"发光 橙色方块 #107",#d16b33,209,107,51,21,75,81,100,15
108,"发光 橙色方块 #108",#e87639,232,118,57,21,75,90,100,15
109,"发光 橙色方块 #109",#ff823f,255,130,63,21,75,100,100,15
110,"发光 深橙色方块 #110",#331200,51,18,0,21,100,20,100,15
111,"发光 深橙色方块 #111",#491900,73,25,0,21,100,28,100,15
112,"发光 深橙色方块 #112",#602100,96,33,0,21,100,37,100,15
113,"发光 深橙色方块 #113",#772a00,119,42,0,21,100,46,100,15
114,"发光 橙色方块 #114",#8d3100,141,49,0,21,100,55,100,15
115,"发光 橙色方块 #115",#a43900,164,57,0,21,100,64,100,15
116,"发光 橙色方块 #116",#bb4100,187,65,0,21,100,73,100,15
117,"发光 橙色方块 #117",#d14900,209,73,0,21,100,81,100,15
118,"发光 橙色方块 #118",#e85100,232,81,0,21,100,90,100,15
119,"发光 橙色方块 #119",#ff5900,255,89,0,21,100,100,100,15
120,"发光 深橙色方块 #120",#332e28,51,46,40,32,20,20,100,15
121,"发光 深橙色方块 #121",#49423a,73,66,58,32,20,28,100,15
122,"发光 深橙色方块 #122",#60574c,96,87,76,32,20,37,100,15
123,"发光 深橙色方块 #123",#776c5f,119,108,95,32,20,46,100,15
124,"发光 橙色方块 #124",#8d8070,141,128,112,32,20,55,100,15
125,"发光 橙色方块 #125",#a49483,164,148,131,32,20,64,100,15
126,"发光 橙色方块 #126",#bba995,187,169,149,32,20,73,100,15
127,"发光 淡橙色方块 #127",#d1bda7,209,189,167,32,20,81,100,15
128,"发光 淡橙色方块 #128",#e8d2b9,232,210,185,32,20,90,100,15
129,"发光 淡橙色方块 #129",#ffe7cc,255,231,204,32,20,100,100,15
130,"发光 深橙色方块 #130",#332719,51,39,25,32,49,20,100,15
131,"发光 深橙色方块 #131",#493824,73,56,36,32,49,28,100,15
132,"发光 深橙色方块 #132",#604a30,96,74,48,32,49,37,100,15
133,"发光 深橙色方块 #133",#775c3c,119,92,60,32,49,46,100,15
134,"发光 橙色方块 #134",#8d6d47,141,109,71,32,49,55,100,15
135,"发光 橙色方块 #135",#a47e52,164,126,82,32,49,64,100,15
136,"发光 橙色方块 #136",#bb905e,187,144,94,32,49,73,100,15
137,"发光 淡橙色方块 #137",#d1a169,209,161,105,32,49,81,100,15
138,"发光 淡橙色方块 #138",#e8b375,232,179,117,32,49,90,100,15
139,"发光 淡橙色方块 #139",#ffc581,255,197,129,32,49,100,100,15
140,"发光 深橙色方块 #140",#33210c,51,33,12,32,75,20,100,15
141,"发光 深橙色方块 #141",#492f12,73,47,18,32,75,28,100,15
142,"发光 深橙色方块 #142",#603e17,96,62,23,32,75,37,100,15
143,"发光 深橙色方块 #143",#774d1d,119,77,29,32,75,46,100,15
144,"发光 橙色方块 #144",#8d5c22,141,92,34,32,75,55,100,15
145,"发光 橙色方块 #145",#a46b28,164,107,40,32,75,64,100,15
146,"发光 橙色方块 #146",#bb7a2e,187,122,46,32,75,73,100,15
147,"发光 橙色方块 #147",#d18833,209,136,51,32,75,81,100,15
148,"发光 橙色方块 #148",#e89739,232,151,57,32,75,90,100,15
149,"发光 橙色方块 #149",#ffa63f,255,166,63,32,75,100,100,15
150,"发光 深橙色方块 #150",#331b00,51,27,0,32,100,20,100,15
151,"发光 深橙色方块 #151",#492700,73,39,0,32,100,28,100,15
152,"发光 深橙色方块 #152",#603300,96,51,0,32,100,37,100,15
153,"发光 深橙色方块 #153",#774000,119,64,0,32,100,46,100,15
154,"发光 橙色方块 #154",#8d4c00,141,76,0,32,100,55,100,15
155,"发光 橙色方块 #155",#a45800,164,88,0,32,100,64,100,15
156,"发光 橙色方块 #156",#bb6500,187,101,0,32,100,73,100,15
157,"发光 橙色方块 #157",#d17100,209,113,0,32,100,81,100,15
158,"发光 橙色方块 #158",#e87d00,232,125,0,32,100,90,100,15
159,"发光 橙色方块 #159",#ff8a00,255,138,0,32,100,100,100,15
160,"发光 深橙色方块 #160",#333028,51,48,40,43,20,20,100,15
161,"发光 深橙色方块 #161",#49453a,73,69,58,43,20,28,100,15
162,"发光 深橙色方块 #162",#605a4c,96,90,76,43,20,37,100,15
163,"发光 深橙色方块 #163",#77705f,119,112,95,43,20,46,100,15
164,"发光 橙色方块 #164",#8d8570,141,133,112,43,20,55,100,15
165,"发光 橙色方块 #165",#a49b83,164,155,131,43,20,64,100,15
166,"发光 橙色方块 #166",#bbb095,187,176,149,43,20,73,100,15
167,"发光 淡橙色方块 #167",#d1c5a7,209,197,167,43,20,81,100,15
168,"发光 淡橙色方块 #168",#e8dbb9,232,219,185,43,20,90,100,15
169,"发光 淡橙色方块 #169",#fff1cc,255,241,204,43,20,100,100,15
170,"发光 深橙色方块 #170",#332c19,51,44,25,43,49,20,100,15
171,"发光 深橙色方块 #171",#493f24,73,63,36,43,49,28,100,15
172,"发光 深橙色方块 #172",#605330,96,83,48,43,49,37,100,15
173,"发光 深橙色方块 #173",#77673c,119,103,60,43,49,46,100,15
174,"发光 橙色方块 #174",#8d7a47,141,122,71,43,49,55,100,15
175,"发光 橙色方块 #175",#a48e52,164,142,82,43,49,64,100,15
176,"发光 橙色方块 #176",#bba15e,187,161,94,43,49,73,100,15
177,"发光 淡橙色方块 #177",#d1b569,209,181,105,43,49,81,100,15
178,"发光 淡橙色方块 #178",#e8c875,232,200,117,43,49,90,100,15
179,"发光 淡橙色方块 #179",#ffdc81,255,220,129,43,49,100,100,15
180,"发光 深橙色方块 #180",#33280c,51,40,12,43,75,20,100,15
181,"发光 深橙色方块 #181",#493a12,73,58,18,43,75,28,100,15
182,"发光 深橙色方块 #182",#604c17,96,76,23,43,75,37,100,15
183,"发光 深橙色方块 #183",#775e1d,119,94,29,43,75,46,100,15
184,"发光 橙色方块 #184",#8d7022,141,112,34,43,75,55,100,15
185,"发光 橙色方块 #185",#a48228,164,130,40,43,75,64,100,15
186,"发光 橙色方块 #186",#bb942e,187,148,46,43,75,73,100,15
187,"发光 橙色方块 #187",#d1a633,209,166,51,43,75,81,100,15
188,"发光 橙色方块 #188",#e8b839,232,184,57,43,75,90,100,15
189,"发光 橙色方块 #189",#ffcb3f,255,203,63,43,75,100,100,15
190,"发光 深橙色方块 #190",#332500,51,37,0,43,100,20,100,15
191,"发光 深橙色方块 #191",#493500,73,53,0,43,100,28,100,15
192,"发光 深橙色方块 #192",#604600,96,70,0,43,100,37,100,15
193,"发光 深橙色方块 #193",#775600,119,86,0,43,100,46,100,15
194,"发光 橙色方块 #194",#8d6600,141,102,0,43,100,55,100,15
195,"发光 橙色方块 #195",#a47700,164,119,0,43,100,64,100,15
196,"发光 橙色方块 #196",#bb8800,187,136,0,43,100,73,100,15
197,"发光 橙色方块 #197",#d19800,209,152,0,43,100,81,100,15
198,"发光 橙色方块 #198",#e8a900,232,169,0,43,100,90,100,15
199,"发光 橙色方块 #199",#ffba00,255,186,0,43,100,100,100,15
200,"发光 深黄色方块 #200",#333228,51,50,40,55,20,20,100,15
201,"发光 深黄色方块 #201",#49473a,73,71,58,55,20,28,100,15
202,"发光 深黄色方块 #202",#605e4c,96,94,76,55,20,37,100,15
203,"发光 深黄色方块 #203",#77755f,119,117,95,55,20,46,100,15
204,"发光 黄色方块 #204",#8d8a70,141,138,112,55,20,55,100,15
205,"发光 黄色方块 #205",#a4a183,164,161,131,55,20,64,100,15
206,"发光 黄色方块 #206",#bbb795,187,183,149,55,20,73,100,15
207,"发光 淡黄色方块 #207",#d1cda7,209,205,167,55,20,81,100,15
208,"发光 淡黄色方块 #208",#e8e4b9,232,228,185,55,20,90,100,15
209,"发光 淡黄色方块 #209",#fffacc,255,250,204,55,20,100,100,15
210,"发光 深黄色方块 #210",#333019,51,48,25,55,49,20,100,15
211,"发光 深黄色方块 #211",#494624,73,70,36,55,49,28,100,15
212,"发光 深黄色方块 #212",#605c30,96,92,48,55,49,37,100,15
213,"发光 深黄色方块 #213",#77723c,119,114,60,55,49,46,100,15
214,"发光 黄色方块 #214",#8d8747,141,135,71,55,49,55,100,15
215,"发光 黄色方块 #215",#a49d52,164,157,82,55,49,64,100,15
216,"发光 黄色方块 #216",#bbb35e,187,179,94,55,49,73,100,15
217,"发光 淡黄色方块 #217",#d1c869,209,200,105,55,49,81,100,15
218,"发光 淡黄色方块 #218",#e8de75,232,222,117,55,49,90,100,15
219,"发光 淡黄色方块 #219",#fff481,255,244,129,55,49,100,100,15
220,"发光 深黄色方块 #220",#332f0c,51,47,12,55,75,20,100,15
221,"发光 深黄色方块 #221",#494412,73,68,18,55,75,28,100,15
222,"发光 深黄色方块 #222",#605a17,96,90,23,55,75,37,100,15
223,"发光 深黄色方块 #223",#776f1d,119,111,29,55,75,46,100,15
224,"发光 黄色方块 #224",#8d8422,141,132,34,55,75,55,100,15
225,"发光 黄色方块 #225",#a49928,164,153,40,55,75,64,100,15
226,"发光 黄色方块 #226",#bbaf2e,187,175,46,55,75,73,100,15
227,"发光 黄色方块 #227",#d1c433,209,196,51,55,75,81,100,15
228,"发光 黄色方块 #228",#e8d939,232,217,57,55,75,90,100,15
229,"发光 黄色方块 #229",#ffef3f,255,239,63,55,75,100,100,15
230,"发光 深黄色方块 #230",#332e00,51,46,0,55,100,20,100,15
231,"发光 深黄色方块 #231",#494200,73,66,0,55,100,28,100,15
232,"发光 深黄色方块 #232",#605800,96,88,0,55,100,37,100,15
233,"发光 深黄色方块 #233",#776d00,119,109,0,55,100,46,100,15
234,"发光 黄色方块 #234",#8d8100,141,129,0,55,100,55,100,15
235,"发光 黄色方块 #235",#a49600,164,150,0,55,100,64,100,15
236,"发光 黄色方块 #236",#bbab00,187,171,0,55,100,73,100,15
237,"发光 黄色方块 #237",#d1bf00,209,191,0,55,100,81,100,15
238,"发光 黄色方块 #238",#e8d400,232,212,0,55,100,90,100,15
239,"发光 黄色方块 #239",#ffea00,255,234,0,55,100,100,100,15
240,"发光 深黄绿色方块 #240",#313328,49,51,40,66,20,20,100,15
241,"发光 深黄绿色方块 #241",#47493a,71,73,58,66,20,28,100,15
242,"发光 深黄绿色方块 #242",#5d604c,93,96,76,66,20,37,100,15
243,"发光 深黄绿色方块 #243",#74775f,116,119,95,66,20,46,100,15
244,"发光 黄绿色方块 #244",#8a8d70,138,141,112,66,20,55,100,15
245,"发光 黄绿色方块 #245",#a0a483,160,164,131,66,20,64,100,15
246,"发光 黄绿色方块 #246",#b7bb95,183,187,149,66,20,73,100,15
247,"发光 淡黄绿色方块 #247",#ccd1a7,204,209,167,66,20,81,100,15
248,"发光 淡黄绿色方块 #248",#e3e8b9,227,232,185,66,20,90,100,15
249,"发光 淡黄绿色方块 #249",#f9ffcc,249,255,204,66,20,100,100,15
250,"发光 深黄绿色方块 #250",#303319,48,51,25,66,49,20,100,15
251,"发光 深黄绿色方块 #251",#454924,69,73,36,66,49,28,100,15
252,"发光 深黄绿色方块 #252",#5a6030,90,96,48,66,49,37,100,15
253,"发光 深黄绿色方块 #253",#70773c,112,119,60,66,49,46,100,15
254,"发光 黄绿色方块 #254",#858d47,133,141,71,66,49,55,100,15
255,"发光 黄绿色方块 #255",#9ba452,155,164,82,66,49,64,100,15
256,"发光 黄绿色方块 #256",#b1bb5e,177,187,94,66,49,73,100,15
257,"发光 淡黄绿色方块 #257",#c6d169,198,209,105,66,49,81,100,15
258,"发光 淡黄绿色方块 #258",#dbe875,219,232,117,66,49,90,100,15
259,"发光 淡黄绿色方块 #259",#f1ff81,241,255,129,66,49,100,100,15
260,"发光 深黄绿色方块 #260",#2e330c,46,51,12,66,75,20,100,15
261,"发光 深黄绿色方块 #261",#434912,67,73,18,66,75,28,100,15
262,"发光 深黄绿色方块 #262",#586017,88,96,23,66,75,37,100,15
263,"发光 深黄绿色方块 #263",#6d771d,109,119,29,66,75,46,100,15
264,"发光 黄绿色方块 #264",#818d22,129,141,34,66,75,55,100,15
265,"发光 黄绿色方块 #265",#96a428,150,164,40,66,75,64,100,15
266,"发光 黄绿色方块 #266",#acbb2e,172,187,46,66,75,73,100,15
267,"发光 黄绿色方块 #267",#c0d133,192,209,51,66,75,81,100,15
268,"发光 黄绿色方块 #268",#d5e839,213,232,57,66,75,90,100,15
269,"发光 黄绿色方块 #269",#eaff3f,234,255,63,66,75,100,100,15
270,"发光 深黄绿色方块 #270",#2d3300,45,51,0,66,100,20,100,15
271,"发光 深黄绿色方块 #271",#414900,65,73,0,66,100,28,100,15
272,"发光 深黄绿色方块 #272",#556000,85,96,0,66,100,37,100,15
273,"发光 深黄绿色方块 #273",#6a7700,106,119,0,66,100,46,100,15
274,"发光 黄绿色方块 #274",#7e8d00,126,141,0,66,100,55,100,15
275,"发光 黄绿色方块 #275",#92a400,146,164,0,66,100,64,100,15
276,"发光 黄绿色方块 #276",#a7bb00,167,187,0,66,100,73,100,15
277,"发光 黄绿色方块 #277",#bad100,186,209,0,66,100,81,100,15
278,"发光 黄绿色方块 #278",#cfe800,207,232,0,66,100,90,100,15
279,"发光 黄绿色方块 #279",#e3ff00,227,255,0,66,100,100,100,15
280,"发光 深黄绿色方块 #280",#303328,48,51,40,77,20,20,100,15
281,"发光 深黄绿色方块 #281",#44493a,68,73,58,77,20,28,100,15
282,"发光 深黄绿色方块 #282",#5a604c,90,96,76,77,20,37,100,15
283,"发光 深黄绿色方块 #283",#70775f,112,119,95,77,20,46,100,15
284,"发光 黄绿色方块 #284",#848d70,132,141,112,77,20,55,100,15
285,"发光 黄绿色方块 #285",#9aa483,154,164,131,77,20,64,100,15
286,"发光 黄绿色方块 #286",#b0bb95,176,187,149,77,20,73,100,15
287,"发光 淡黄绿色方块 #287",#c4d1a7,196,209,167,77,20,81,100,15
288,"发光 淡黄绿色方块 #288",#dae8b9,218,232,185,77,20,90,100,15
289,"发光 淡黄绿色方块 #289",#f0ffcc,240,255,204,77,20,100,100,15
290,"发光 深黄绿色方块 #290",#2b3319,43,51,25,77,49,20,100,15
291,"发光 深黄绿色方块 #291",#3e4924,62,73,36,77,49,28,100,15
292,"发光 深黄绿色方块 #292",#526030,82,96,48,77,49,37,100,15
293,"发光 深黄绿色方块 #293",#65773c,101,119,60,77,49,46,100,15
294,"发光 黄绿色方块 #294",#788d47,120,141,71,77,49,55,100,15
295,"发光 黄绿色方块 #295",#8ca452,140,164,82,77,49,64,100,15
296,"发光 黄绿色方块 #296",#9fbb5e,159,187,94,77,49,73,100,15
297,"发光 淡黄绿色方块 #297",#b2d169,178,209,105,77,49,81,100,15
298,"发光 淡黄绿色方块 #298",#c6e875,198,232,117,77,49,90,100,15
299,"发光 淡黄绿色方块 #299",#d9ff81,217,255,129,77,49,100,100,15
300,"发光 深黄绿色方块 #300",#27330c,39,51,12,77,75,20,100,15
301,"发光 深黄绿色方块 #301",#384912,56,73,18,77,75,28,100,15
302,"发光 深黄绿色方块 #302",#4a6017,74,96,23,77,75,37,100,15
303,"发光 深黄绿色方块 #303",#5c771d,92,119,29,77,75,46,100,15
304,"发光 黄绿色方块 #304",#6d8d22,109,141,34,77,75,55,100,15
305,"发光 黄绿色方块 #305",#7fa428,127,164,40,77,75,64,100,15
306,"发光 黄绿色方块 #306",#91bb2e,145,187,46,77,75,73,100,15
307,"发光 黄绿色方块 #307",#a2d133,162,209,51,77,75,81,100,15
308,"发光 黄绿色方块 #308",#b4e839,180,232,57,77,75,90,100,15
309,"发光 黄绿色方块 #309",#c6ff3f,198,255,63,77,75,100,100,15
310,"发光 深黄绿色方块 #310",#243300,36,51,0,77,100,20,100,15
311,"发光 深黄绿色方块 #311",#334900,51,73,0,77,100,28,100,15
312,"发光 深黄绿色方块 #312",#436000,67,96,0,77,100,37,100,15
313,"发光 深黄绿色方块 #313",#547700,84,119,0,77,100,46,100,15
314,"发光 黄绿色方块 #314",#638d00,99,141,0,77,100,55,100,15
315,"发光 黄绿色方块 #315",#73a400,115,164,0,77,100,64,100,15
316,"发光 黄绿色方块 #316",#83bb00,131,187,0,77,100,73,100,15
317,"发光 黄绿色方块 #317",#93d100,147,209,0,77,100,81,100,15
318,"发光 黄绿色方块 #318",#a3e800,163,232,0,77,100,90,100,15
319,"发光 黄绿色方块 #319",#b3ff00,179,255,0,77,100,100,100,15
320,"发光 深黄绿色方块 #320",#2e3328,46,51,40,88,20,20,100,15
321,"发光 深黄绿色方块 #321",#41493a,65,73,58,88,20,28,100,15
322,"发光 深黄绿色方块 #322",#56604c,86,96,76,88,20,37,100,15
323,"发光 深黄绿色方块 #323",#6b775f,107,119,95,88,20,46,100,15
324,"发光 黄绿色方块 #324",#7f8d70,127,141,112,88,20,55,100,15
325,"发光 黄绿色方块 #325",#94a483,148,164,131,88,20,64,100,15
326,"发光 黄绿色方块 #326",#a8bb95,168,187,149,88,20,73,100,15
327,"发光 淡黄绿色方块 #327",#bcd1a7,188,209,167,88,20,81,100,15
328,"发光 淡黄绿色方块 #328",#d1e8b9,209,232,185,88,20,90,100,15
329,"发光 淡黄绿色方块 #329",#e6ffcc,230,255,204,88,20,100,100,15
330,"发光 深黄绿色方块 #330",#263319,38,51,25,88,49,20,100,15
331,"发光 深黄绿色方块 #331",#374924,55,73,36,88,49,28,100,15
332,"发光 深黄绿色方块 #332",#496030,73,96,48,88,49,37,100,15
333,"发光 深黄绿色方块 #333",#5a773c,90,119,60,88,49,46,100,15
334,"发光 黄绿色方块 #334",#6b8d47,107,141,71,88,49,55,100,15
335,"发光 黄绿色方块 #335",#7ca452,124,164,82,88,49,64,100,15
336,"发光 黄绿色方块 #336",#8ebb5e,142,187,94,88,49,73,100,15
337,"发光 淡黄绿色方块 #337",#9fd169,159,209,105,88,49,81,100,15
338,"发光 淡黄绿色方块 #338",#b0e875,176,232,117,88,49,90,100,15
339,"发光 淡黄绿色方块 #339",#c2ff81,194,255,129,88,49,100,100,15
340,"发光 深黄绿色方块 #340",#20330c,32,51,12,88,75,20,100,15
341,"发光 深黄绿色方块 #341",#2e4912,46,73,18,88,75,28,100,15
342,"发光 深黄绿色方块 #342",#3d6017,61,96,23,88,75,37,100,15
343,"发光 深黄绿色方块 #343",#4b771d,75,119,29,88,75,46,100,15
344,"发光 黄绿色方块 #344",#598d22,89,141,34,88,75,55,100,15
345,"发光 黄绿色方块 #345",#68a428,104,164,40,88,75,64,100,15
346,"发光 黄绿色方块 #346",#77bb2e,119,187,46,88,75,73,100,15
347,"发光 黄绿色方块 #347",#85d133,133,209,51,88,75,81,100,15
348,"发光 黄绿色方块 #348",#93e839,147,232,57,88,75,90,100,15
349,"发光 黄绿色方块 #349",#a2ff3f,162,255,63,88,75,100,100,15
350,"发光 深黄绿色方块 #350",#1a3300,26,51,0,88,100,20,100,15
351,"发光 深黄绿色方块 #351",#254900,37,73,0,88,100,28,100,15
352,"发光 深黄绿色方块 #352",#316000,49,96,0,88,100,37,100,15
353,"发光 深黄绿色方块 #353",#3d7700,61,119,0,88,100,46,100,15
354,"发光 黄绿色方块 #354",#488d00,72,141,0,88,100,55,100,15
355,"发光 黄绿色方块 #355",#54a400,84,164,0,88,100,64,100,15
356,"发光 黄绿色方块 #356",#60bb00,96,187,0,88,100,73,100,15
357,"发光 黄绿色方块 #357",#6cd100,108,209,0,88,100,81,100,15
358,"发光 黄绿色方块 #358",#78e800,120,232,0,88,100,90,100,15
359,"发光 黄绿色方块 #359",#84ff00,132,255,0,88,100,100,100,15
360,"发光 深绿色方块 #360",#2c3328,44,51,40,100,20,20,100,15
361,"发光 深绿色方块 #361",#3f493a,63,73,58,100,20,28,100,15
362,"发光 深绿色方块 #362",#53604c,83,96,76,100,20,37,100,15
363,"发光 深绿色方块 #363",#67775f,103,119,95,100,20,46,100,15
364,"发光 绿色方块 #364",#7a8d70,122,141,112,100,20,55,100,15
365,"发光 绿色方块 #365",#8ea483,142,164,131,100,20,64,100,15
366,"发光 绿色方块 #366",#a1bb95,161,187,149,100,20,73,100,15
367,"发光 淡绿色方块 #367",#b4d1a7,180,209,167,100,20,81,100,15
368,"发光 淡绿色方块 #368",#c8e8b9,200,232,185,100,20,90,100,15
369,"发光 淡绿色方块 #369",#dcffcc,220,255,204,100,20,100,100,15
370,"发光 深绿色方块 #370",#223319,34,51,25,100,49,20,100,15
371,"发光 深绿色方块 #371",#304924,48,73,36,100,49,28,100,15
372,"发光 深绿色方块 #372",#406030,64,96,48,100,49,37,100,15
373,"发光 深绿色方块 #373",#4f773c,79,119,60,100,49,46,100,15
374,"发光 绿色方块 #374",#5e8d47,94,141,71,100,49,55,100,15
375,"发光 绿色方块 #375",#6da452,109,164,82,100,49,64,100,15
376,"发光 绿色方块 #376",#7dbb5e,125,187,94,100,49,73,100,15
377,"发光 淡绿色方块 #377",#8bd169,139,209,105,100,49,81,100,15
378,"发光 淡绿色方块 #378",#9be875,155,232,117,100,49,90,100,15
379,"发光 淡绿色方块 #379",#aaff81,170,255,129,100,49,100,100,15
380,"发光 深绿色方块 #380",#19330c,25,51,12,100,75,20,100,15
381,"发光 深绿色方块 #381",#244912,36,73,18,100,75,28,100,15
382,"发光 深绿色方块 #382",#2f6017,47,96,23,100,75,37,100,15
383,"发光 深绿色方块 #383",#3a771d,58,119,29,100,75,46,100,15
384,"发光 绿色方块 #384",#458d22,69,141,34,100,75,55,100,15
385,"发光 绿色方块 #385",#51a428,81,164,40,100,75,64,100,15
386,"发光 绿色方块 #386",#5cbb2e,92,187,46,100,75,73,100,15
387,"发光 绿色方块 #387",#67d133,103,209,51,100,75,81,100,15
388,"发光 绿色方块 #388",#72e839,114,232,57,100,75,90,100,15
389,"发光 绿色方块 #389",#7eff3f,126,255,63,100,75,100,100,15
390,"发光 深绿色方块 #390",#103300,16,51,0,100,100,20,100,15
391,"发光 深绿色方块 #391",#184900,24,73,0,100,100,28,100,15
392,"发光 深绿色方块 #392",#1f6000,31,96,0,100,100,37,100,15
393,"发光 深绿色方块 #393",#277700,39,119,0,100,100,46,100,15
394,"发光 绿色方块 #394",#2e8d00,46,141,0,100,100,55,100,15
395,"发光 绿色方块 #395",#36a400,54,164,0,100,100,64,100,15
396,"发光 绿色方块 #396",#3dbb00,61,187,0,100,100,73,100,15
397,"发光 绿色方块 #397",#44d100,68,209,0,100,100,81,100,15
398,"发光 绿色方块 #398",#4ce800,76,232,0,100,100,90,100,15
399,"发光 绿色方块 #399",#53ff00,83,255,0,100,100,100,100,15
400,"发光 深绿色方块 #400",#2a3328,42,51,40,110,20,20,100,15
401,"发光 深绿色方块 #401",#3c493a,60,73,58,110,20,28,100,15
402,"发光 深绿色方块 #402",#4f604c,79,96,76,110,20,37,100,15
403,"发光 深绿色方块 #403",#63775f,99,119,95,110,20,46,100,15
404,"发光 绿色方块 #404",#758d70,117,141,112,110,20,55,100,15
405,"发光 绿色方块 #405",#88a483,136,164,131,110,20,64,100,15
406,"发光 绿色方块 #406",#9bbb95,155,187,149,110,20,73,100,15
407,"发光 淡绿色方块 #407",#aed1a7,174,209,167,110,20,81,100,15
408,"发光 淡绿色方块 #408",#c1e8b9,193,232,185,110,20,90,100,15
409,"发光 淡绿色方块 #409",#d4ffcc,212,255,204,110,20,100,100,15
410,"发光 深绿色方块 #410",#1d3319,29,51,25,110,49,20,100,15
411,"发光 深绿色方块 #411",#2a4924,42,73,36,110,49,28,100,15
412,"发光 深绿色方块 #412",#386030,56,96,48,110,49,37,100,15
413,"发光 深绿色方块 #413",#45773c,69,119,60,110,49,46,100,15
414,"发光 绿色方块 #414",#528d47,82,141,71,110,49,55,100,15
415,"发光 绿色方块 #415",#60a452,96,164,82,110,49,64,100,15
416,"发光 绿色方块 #416",#6dbb5e,109,187,94,110,49,73,100,15
417,"发光 淡绿色方块 #417",#7ad169,122,209,105,110,49,81,100,15
418,"发光 淡绿色方块 #418",#88e875,136,232,117,110,49,90,100,15
419,"发光 淡绿色方块 #419",#95ff81,149,255,129,110,49,100,100,15
420,"发光 深绿色方块 #420",#12330c,18,51,12,110,75,20,100,15
421,"发光 深绿色方块 #421",#1b4912,27,73,18,110,75,28,100,15
422,"发光 深绿色方块 #422",#236017,35,96,23,110,75,37,100,15
423,"发光 深绿色方块 #423",#2c771d,44,119,29,110,75,46,100,15
424,"发光 绿色方块 #424",#348d22,52,141,34,110,75,55,100,15
425,"发光 绿色方块 #425",#3ca428,60,164,40,110,75,64,100,15
426,"发光 绿色方块 #426",#45bb2e,69,187,46,110,75,73,100,15
427,"发光 绿色方块 #427",#4dd133,77,209,51,110,75,81,100,15
428,"发光 绿色方块 #428",#56e839,86,232,57,110,75,90,100,15
429,"发光 绿色方块 #429",#5eff3f,94,255,63,110,75,100,100,15
430,"发光 深绿色方块 #430",#083300,8,51,0,110,100,20,100,15
431,"发光 深绿色方块 #431",#0c4900,12,73,0,110,100,28,100,15
432,"发光 深绿色方块 #432",#0f6000,15,96,0,110,100,37,100,15
433,"发光 深绿色方块 #433",#137700,19,119,0,110,100,46,100,15
434,"发光 绿色方块 #434",#178d00,23,141,0,110,100,55,100,15
435,"发光 绿色方块 #435",#1ba400,27,164,0,110,100,64,100,15
436,"发光 绿色方块 #436",#1ebb00,30,187,0,110,100,73,100,15
437,"发光 绿色方块 #437",#22d100,34,209,0,110,100,81,100,15
438,"发光 绿色方块 #438",#26e800,38,232,0,110,100,90,100,15
439,"发光 绿色方块 #439",#29ff00,41,255,0,110,100,100,100,15
440,"发光 深绿色方块 #440",#283329,40,51,41,121,20,20,100,15
441,"发光 深绿色方块 #441",#3a493a,58,73,58,121,20,28,100,15
442,"发光 深绿色方块 #442",#4c604d,76,96,77,121,20,37,100,15
443,"发光 深绿色方块 #443",#5f775f,95,119,95,121,20,46,100,15
444,"发光 绿色方块 #444",#708d71,112,141,113,121,20,55,100,15
445,"发光 绿色方块 #445",#83a483,131,164,131,121,20,64,100,15
446,"发光 绿色方块 #446",#95bb96,149,187,150,121,20,73,100,15
447,"发光 淡绿色方块 #447",#a7d1a8,167,209,168,121,20,81,100,15
448,"发光 淡绿色方块 #448",#b9e8ba,185,232,186,121,20,90,100,15
449,"发光 淡绿色方块 #449",#ccffcd,204,255,205,121,20,100,100,15
450,"发光 深绿色方块 #450",#19331a,25,51,26,121,49,20,100,15
451,"发光 深绿色方块 #451",#244925,36,73,37,121,49,28,100,15
452,"发光 深绿色方块 #452",#306031,48,96,49,121,49,37,100,15
453,"发光 深绿色方块 #453",#3c773d,60,119,61,121,49,46,100,15
454,"发光 绿色方块 #454",#478d48,71,141,72,121,49,55,100,15
455,"发光 绿色方块 #455",#52a454,82,164,84,121,49,64,100,15
456,"发光 绿色方块 #456",#5ebb60,94,187,96,121,49,73,100,15
457,"发光 淡绿色方块 #457",#69d16c,105,209,108,121,49,81,100,15
458,"发光 淡绿色方块 #458",#75e878,117,232,120,121,49,90,100,15
459,"发光 淡绿色方块 #459",#81ff83,129,255,131,121,49,100,100,15
460,"发光 深绿色方块 #460",#0c330d,12,51,13,121,75,20,100,15
461,"发光 深绿色方块 #461",#124913,18,73,19,121,75,28,100,15
462,"发光 深绿色方块 #462",#176019,23,96,25,121,75,37,100,15
463,"发光 深绿色方块 #463",#1d771f,29,119,31,121,75,46,100,15
464,"发光 绿色方块 #464",#228d25,34,141,37,121,75,55,100,15
465,"发光 绿色方块 #465",#28a42b,40,164,43,121,75,64,100,15
466,"发光 绿色方块 #466",#2ebb31,46,187,49,121,75,73,100,15
467,"发光 绿色方块 #467",#33d137,51,209,55,121,75,81,100,15
468,"发光 绿色方块 #468",#39e83d,57,232,61,121,75,90,100,15
469,"发光 绿色方块 #469",#3fff43,63,255,67,121,75,100,100,15
470,"发光 深绿色方块 #470",#003301,0,51,1,121,100,20,100,15
471,"发光 深绿色方块 #471",#004901,0,73,1,121,100,28,100,15
472,"发光 深绿色方块 #472",#006002,0,96,2,121,100,37,100,15
473,"发光 深绿色方块 #473",#007702,0,119,2,121,100,46,100,15
474,"发光 绿色方块 #474",#008d03,0,141,3,121,100,55,100,15
475,"发光 绿色方块 #475",#00a403,0,164,3,121,100,64,100,15
476,"发光 绿色方块 #476",#00bb04,0,187,4,121,100,73,100,15
477,"发光 绿色方块 #477",#00d104,0,209,4,121,100,81,100,15
478,"发光 绿色方块 #478",#00e805,0,232,5,121,100,90,100,15
479,"发光 绿色方块 #479",#00ff06,0,255,6,121,100,100,100,15
480,"发光 深绿宝石色方块 #480",#28332a,40,51,42,132,20,20,100,15
481,"发光 深绿宝石色方块 #481",#3a493d,58,73,61,132,20,28,100,15
482,"发光 深绿宝石色方块 #482",#4c6050,76,96,80,132,20,37,100,15
483,"发光 深绿宝石色方块 #483",#5f7764,95,119,100,132,20,46,100,15
484,"发光 绿宝石色方块 #484",#708d76,112,141,118,132,20,55,100,15
485,"发光 绿宝石色方块 #485",#83a48a,131,164,138,132,20,64,100,15
486,"发光 绿宝石色方块 #486",#95bb9d,149,187,157,132,20,73,100,15
487,"发光 淡绿宝石色方块 #487",#a7d1b0,167,209,176,132,20,81,100,15
488,"发光 淡绿宝石色方块 #488",#b9e8c3,185,232,195,132,20,90,100,15
489,"发光 淡绿宝石色方块 #489",#ccffd6,204,255,214,132,20,100,100,15
490,"发光 深绿宝石色方块 #490",#19331f,25,51,31,132,49,20,100,15
491,"发光 深绿宝石色方块 #491",#24492c,36,73,44,132,49,28,100,15
492,"发光 深绿宝石色方块 #492",#30603a,48,96,58,132,49,37,100,15
493,"发光 深绿宝石色方块 #493",#3c7748,60,119,72,132,49,46,100,15
494,"发光 绿宝石色方块 #494",#478d56,71,141,86,132,49,55,100,15
495,"发光 绿宝石色方块 #495",#52a464,82,164,100,132,49,64,100,15
496,"发光 绿宝石色方块 #496",#5ebb72,94,187,114,132,49,73,100,15
497,"发光 淡绿宝石色方块 #497",#69d17f,105,209,127,132,49,81,100,15
498,"发光 淡绿宝石色方块 #498",#75e88d,117,232,141,132,49,90,100,15
499,"发光 淡绿宝石色方块 #499",#81ff9b,129,255,155,132,49,100,100,15
500,"发光 深绿宝石色方块 #500",#0c3314,12,51,20,132,75,20,100,15
501,"发光 深绿宝石色方块 #501",#12491d,18,73,29,132,75,28,100,15
502,"发光 深绿宝石色方块 #502",#176027,23,96,39,132,75,37,100,15
503,"发光 深绿宝石色方块 #503",#1d7730,29,119,48,132,75,46,100,15
504,"发光 绿宝石色方块 #504",#228d39,34,141,57,132,75,55,100,15
505,"发光 绿宝石色方块 #505",#28a442,40,164,66,132,75,64,100,15
506,"发光 绿宝石色方块 #506",#2ebb4c,46,187,76,132,75,73,100,15
507,"发光 绿宝石色方块 #507",#33d154,51,209,84,132,75,81,100,15
508,"发光 绿宝石色方块 #508",#39e85e,57,232,94,132,75,90,100,15
509,"发光 绿宝石色方块 #509",#3fff67,63,255,103,132,75,100,100,15
510,"发光 深绿宝石色方块 #510",#00330a,0,51,10,132,100,20,100,15
511,"发光 深绿宝石色方块 #511",#00490f,0,73,15,132,100,28,100,15
512,"发光 深绿宝石色方块 #512",#006014,0,96,20,132,100,37,100,15
513,"发光 深绿宝石色方块 #513",#007719,0,119,25,132,100,46,100,15
514,"发光 绿宝石色方块 #514",#008d1d,0,141,29,132,100,55,100,15
515,"发光 绿宝石色方块 #515",#00a422,0,164,34,132,100,64,100,15
516,"发光 绿宝石色方块 #516",#00bb27,0,187,39,132,100,73,100,15
517,"发光 绿宝石色方块 #517",#00d12c,0,209,44,132,100,81,100,15
518,"发光 绿宝石色方块 #518",#00e831,0,232,49,132,100,90,100,15
519,"发光 绿宝石色方块 #519",#00ff36,0,255,54,132,100,100,100,15
520,"发光 深绿宝石色方块 #520",#28332c,40,51,44,144,20,20,100,15
521,"发光 深绿宝石色方块 #521",#3a4940,58,73,64,144,20,28,100,15
522,"发光 深绿宝石色方块 #522",#4c6054,76,96,84,144,20,37,100,15
523,"发光 深绿宝石色方块 #523",#5f7768,95,119,104,144,20,46,100,15
524,"发光 绿宝石色方块 #524",#708d7c,112,141,124,144,20,55,100,15
525,"发光 绿宝石色方块 #525",#83a490,131,164,144,144,20,64,100,15
526,"发光 绿宝石色方块 #526",#95bba4,149,187,164,144,20,73,100,15
527,"发光 淡绿宝石色方块 #527",#a7d1b7,167,209,183,144,20,81,100,15
528,"发光 淡绿宝石色方块 #528",#b9e8cc,185,232,204,144,20,90,100,15
529,"发光 淡绿宝石色方块 #529",#ccffe0,204,255,224,144,20,100,100,15
530,"发光 深绿宝石色方块 #530",#193323,25,51,35,144,49,20,100,15
531,"发光 深绿宝石色方块 #531",#244933,36,73,51,144,49,28,100,15
532,"发光 深绿宝石色方块 #532",#306043,48,96,67,144,49,37,100,15
533,"发光 深绿宝石色方块 #533",#3c7753,60,119,83,144,49,46,100,15
534,"发光 绿宝石色方块 #534",#478d63,71,141,99,144,49,55,100,15
535,"发光 绿宝石色方块 #535",#52a473,82,164,115,144,49,64,100,15
536,"发光 绿宝石色方块 #536",#5ebb83,94,187,131,144,49,73,100,15
537,"发光 淡绿宝石色方块 #537",#69d193,105,209,147,144,49,81,100,15
538,"发光 淡绿宝石色方块 #538",#75e8a3,117,232,163,144,49,90,100,15
539,"发光 淡绿宝石色方块 #539",#81ffb3,129,255,179,144,49,100,100,15
540,"发光 深绿宝石色方块 #540",#0c331b,12,51,27,144,75,20,100,15
541,"发光 深绿宝石色方块 #541",#124928,18,73,40,144,75,28,100,15
542,"发光 深绿宝石色方块 #542",#176034,23,96,52,144,75,37,100,15
543,"发光 深绿宝石色方块 #543",#1d7741,29,119,65,144,75,46,100,15
544,"发光 绿宝石色方块 #544",#228d4d,34,141,77,144,75,55,100,15
545,"发光 绿宝石色方块 #545",#28a459,40,164,89,144,75,64,100,15
546,"发光 绿宝石色方块 #546",#2ebb66,46,187,102,144,75,73,100,15
547,"发光 绿宝石色方块 #547",#33d172,51,209,114,144,75,81,100,15
548,"发光 绿宝石色方块 #548",#39e87f,57,232,127,144,75,90,100,15
549,"发光 绿宝石色方块 #549",#3fff8b,63,255,139,144,75,100,100,15
550,"发光 深绿宝石色方块 #550",#003314,0,51,20,144,100,20,100,15
551,"发光 深绿宝石色方块 #551",#00491d,0,73,29,144,100,28,100,15
552,"发光 深绿宝石色方块 #552",#006026,0,96,38,144,100,37,100,15
553,"发光 深绿宝石色方块 #553",#00772f,0,119,47,144,100,46,100,15
554,"发光 绿宝石色方块 #554",#008d38,0,141,56,144,100,55,100,15
555,"发光 绿宝石色方块 #555",#00a441,0,164,65,144,100,64,100,15
556,"发光 绿宝石色方块 #556",#00bb4a,0,187,74,144,100,73,100,15
557,"发光 绿宝石色方块 #557",#00d153,0,209,83,144,100,81,100,15
558,"发光 绿宝石色方块 #558",#00e85c,0,232,92,144,100,90,100,15
559,"发光 绿宝石色方块 #559",#00ff65,0,255,101,144,100,100,100,15
560,"发光 深绿宝石色方块 #560",#28332e,40,51,46,155,20,20,100,15
561,"发光 深绿宝石色方块 #561",#3a4942,58,73,66,155,20,28,100,15
562,"发光 深绿宝石色方块 #562",#4c6058,76,96,88,155,20,37,100,15
563,"发光 深绿宝石色方块 #563",#5f776d,95,119,109,155,20,46,100,15
564,"发光 绿宝石色方块 #564",#708d81,112,141,129,155,20,55,100,15
565,"发光 绿宝石色方块 #565",#83a496,131,164,150,155,20,64,100,15
566,"发光 绿宝石色方块 #566",#95bbab,149,187,171,155,20,73,100,15
567,"发光 淡绿宝石色方块 #567",#a7d1bf,167,209,191,155,20,81,100,15
568,"发光 淡绿宝石色方块 #568",#b9e8d4,185,232,212,155,20,90,100,15
569,"发光 淡绿宝石色方块 #569",#ccffea,204,255,234,155,20,100,100,15
570,"发光 深绿宝石色方块 #570",#193328,25,51,40,155,49,20,100,15
571,"发光 深绿宝石色方块 #571",#24493a,36,73,58,155,49,28,100,15
572,"发光 深绿宝石色方块 #572",#30604c,48,96,76,155,49,37,100,15
573,"发光 深绿宝石色方块 #573",#3c775e,60,119,94,155,49,46,100,15
574,"发光 绿宝石色方块 #574",#478d70,71,141,112,155,49,55,100,15
575,"发光 绿宝石色方块 #575",#52a482,82,164,130,155,49,64,100,15
576,"发光 绿宝石色方块 #576",#5ebb94,94,187,148,155,49,73,100,15
577,"发光 淡绿宝石色方块 #577",#69d1a6,105,209,166,155,49,81,100,15
578,"发光 淡绿宝石色方块 #578",#75e8b8,117,232,184,155,49,90,100,15
579,"发光 淡绿宝石色方块 #579",#81ffcb,129,255,203,155,49,100,100,15
580,"发光 深绿宝石色方块 #580",#0c3323,12,51,35,155,75,20,100,15
581,"发光 深绿宝石色方块 #581",#124932,18,73,50,155,75,28,100,15
582,"发光 深绿宝石色方块 #582",#176042,23,96,66,155,75,37,100,15
583,"发光 深绿宝石色方块 #583",#1d7752,29,119,82,155,75,46,100,15
584,"发光 绿宝石色方块 #584",#228d61,34,141,97,155,75,55,100,15
585,"发光 绿宝石色方块 #585",#28a471,40,164,113,155,75,64,100,15
586,"发光 绿宝石色方块 #586",#2ebb81,46,187,129,155,75,73,100,15
587,"发光 绿宝石色方块 #587",#33d190,51,209,144,155,75,81,100,15
588,"发光 绿宝石色方块 #588",#39e8a0,57,232,160,155,75,90,100,15
589,"发光 绿宝石色方块 #589",#3fffaf,63,255,175,155,75,100,100,15
590,"发光 深绿宝石色方块 #590",#00331e,0,51,30,155,100,20,100,15
591,"发光 深绿宝石色方块 #591",#00492a,0,73,42,155,100,28,100,15
592,"发光 深绿宝石色方块 #592",#006038,0,96,56,155,100,37,100,15
593,"发光 深绿宝石色方块 #593",#007746,0,119,70,155,100,46,100,15
594,"发光 绿宝石色方块 #594",#008d52,0,141,82,155,100,55,100,15
595,"发光 绿宝石色方块 #595",#00a460,0,164,96,155,100,64,100,15
596,"发光 绿宝石色方块 #596",#00bb6e,0,187,110,155,100,73,100,15
597,"发光 绿宝石色方块 #597",#00d17a,0,209,122,155,100,81,100,15
598,"发光 绿宝石色方块 #598",#00e888,0,232,136,155,100,90,100,15
599,"发光 绿宝石色方块 #599",#00ff96,0,255,150,155,100,100,100,15
600,"发光 深青色方块 #600",#283330,40,51,48,166,20,20,100,15
601,"发光 深青色方块 #601",#3a4945,58,73,69,166,20,28,100,15
602,"发光 深青色方块 #602",#4c605b,76,96,91,166,20,37,100,15
603,"发光 深青色方块 #603",#5f7771,95,119,113,166,20,46,100,15
604,"发光 青色方块 #604",#708d86,112,141,134,166,20,55,100,15
605,"发光 青色方块 #605",#83a49c,131,164,156,166,20,64,100,15
606,"发光 青色方块 #606",#95bbb2,149,187,178,166,20,73,100,15
607,"发光 淡青色方块 #607",#a7d1c7,167,209,199,166,20,81,100,15
608,"发光 淡青色方块 #608",#b9e8dd,185,232,221,166,20,90,100,15
609,"发光 淡青色方块 #609",#ccfff3,204,255,243,166,20,100,100,15
610,"发光 深青色方块 #610",#19332d,25,51,45,166,49,20,100,15
611,"发光 深青色方块 #611",#244940,36,73,64,166,49,28,100,15
612,"发光 深青色方块 #612",#306055,48,96,85,166,49,37,100,15
613,"发光 深青色方块 #613",#3c7769,60,119,105,166,49,46,100,15
614,"发光 青色方块 #614",#478d7d,71,141,125,166,49,55,100,15
615,"发光 青色方块 #615",#52a491,82,164,145,166,49,64,100,15
616,"发光 青色方块 #616",#5ebba6,94,187,166,166,49,73,100,15
617,"发光 淡青色方块 #617",#69d1b9,105,209,185,166,49,81,100,15
618,"发光 淡青色方块 #618",#75e8ce,117,232,206,166,49,90,100,15
619,"发光 淡青色方块 #619",#81ffe2,129,255,226,166,49,100,100,15
620,"发光 深青色方块 #620",#0c332a,12,51,42,166,75,20,100,15
621,"发光 深青色方块 #621",#12493c,18,73,60,166,75,28,100,15
622,"发光 深青色方块 #622",#17604f,23,96,79,166,75,37,100,15
623,"发光 深青色方块 #623",#1d7762,29,119,98,166,75,46,100,15
624,"发光 青色方块 #624",#228d75,34,141,117,166,75,55,100,15
625,"发光 青色方块 #625",#28a488,40,164,136,166,75,64,100,15
626,"发光 青色方块 #626",#2ebb9b,46,187,155,166,75,73,100,15
627,"发光 青色方块 #627",#33d1ad,51,209,173,166,75,81,100,15
628,"发光 青色方块 #628",#39e8c0,57,232,192,166,75,90,100,15
629,"发光 青色方块 #629",#3fffd4,63,255,212,166,75,100,100,15
630,"发光 深青色方块 #630",#003327,0,51,39,166,100,20,100,15
631,"发光 深青色方块 #631",#004938,0,73,56,166,100,28,100,15
632,"发光 深青色方块 #632",#00604a,0,96,74,166,100,37,100,15
633,"发光 深青色方块 #633",#00775c,0,119,92,166,100,46,100,15
634,"发光 青色方块 #634",#008d6d,0,141,109,166,100,55,100,15
635,"发光 青色方块 #635",#00a47f,0,164,127,166,100,64,100,15
636,"发光 青色方块 #636",#00bb91,0,187,145,166,100,73,100,15
637,"发光 青色方块 #637",#00d1a2,0,209,162,166,100,81,100,15
638,"发光 青色方块 #638",#00e8b4,0,232,180,166,100,90,100,15
639,"发光 青色方块 #639",#00ffc5,0,255,197,166,100,100,100,15
640,"发光 深青色方块 #640",#283332,40,51,50,177,20,20,100,15
641,"发光 深青色方块 #641",#3a4948,58,73,72,177,20,28,100,15
642,"发光 深青色方块 #642",#4c605f,76,96,95,177,20,37,100,15
643,"发光 深青色方块 #643",#5f7776,95,119,118,177,20,46,100,15
644,"发光 青色方块 #644",#708d8c,112,141,140,177,20,55,100,15
645,"发光 青色方块 #645",#83a4a2,131,164,162,177,20,64,100,15
646,"发光 青色方块 #646",#95bbb9,149,187,185,177,20,73,100,15
647,"发光 淡青色方块 #647",#a7d1cf,167,209,207,177,20,81,100,15
648,"发光 淡青色方块 #648",#b9e8e6,185,232,230,177,20,90,100,15
649,"发光 淡青色方块 #649",#ccfffd,204,255,253,177,20,100,100,15
650,"发光 深青色方块 #650",#193332,25,51,50,177,49,20,100,15
651,"发光 深青色方块 #651",#244947,36,73,71,177,49,28,100,15
652,"发光 深青色方块 #652",#30605e,48,96,94,177,49,37,100,15
653,"发光 深青色方块 #653",#3c7774,60,119,116,177,49,46,100,15
654,"发光 青色方块 #654",#478d8a,71,141,138,177,49,55,100,15
655,"发光 青色方块 #655",#52a4a1,82,164,161,177,49,64,100,15
656,"发光 青色方块 #656",#5ebbb7,94,187,183,177,49,73,100,15
657,"发光 淡青色方块 #657",#69d1cd,105,209,205,177,49,81,100,15
658,"发光 淡青色方块 #658",#75e8e3,117,232,227,177,49,90,100,15
659,"发光 淡青色方块 #659",#81fffa,129,255,250,177,49,100,100,15
660,"发光 深青色方块 #660",#0c3331,12,51,49,177,75,20,100,15
661,"发光 深青色方块 #661",#124947,18,73,71,177,75,28,100,15
662,"发光 深青色方块 #662",#17605d,23,96,93,177,75,37,100,15
663,"发光 深青色方块 #663",#1d7773,29,119,115,177,75,46,100,15
664,"发光 青色方块 #664",#228d89,34,141,137,177,75,55,100,15
665,"发光 青色方块 #665",#28a49f,40,164,159,177,75,64,100,15
666,"发光 青色方块 #666",#2ebbb6,46,187,182,177,75,73,100,15
667,"发光 青色方块 #667",#33d1cb,51,209,203,177,75,81,100,15
668,"发光 青色方块 #668",#39e8e1,57,232,225,177,75,90,100,15
669,"发光 青色方块 #669",#3ffff8,63,255,248,177,75,100,100,15
670,"发光 深青色方块 #670",#003331,0,51,49,177,100,20,100,15
671,"发光 深青色方块 #671",#004946,0,73,70,177,100,28,100,15
672,"发光 深青色方块 #672",#00605c,0,96,92,177,100,37,100,15
673,"发光 深青色方块 #673",#007772,0,119,114,177,100,46,100,15
674,"发光 青色方块 #674",#008d88,0,141,136,177,100,55,100,15
675,"发光 青色方块 #675",#00a49e,0,164,158,177,100,64,100,15
676,"发光 青色方块 #676",#00bbb4,0,187,180,177,100,73,100,15
677,"发光 青色方块 #677",#00d1c9,0,209,201,177,100,81,100,15
678,"发光 青色方块 #678",#00e8df,0,232,223,177,100,90,100,15
679,"发光 青色方块 #679",#00fff5,0,255,245,177,100,100,100,15
680,"发光 深青色方块 #680",#283133,40,49,51,189,20,20,100,15
681,"发光 深青色方块 #681",#3a4649,58,70,73,189,20,28,100,15
682,"发光 深青色方块 #682",#4c5d60,76,93,96,189,20,37,100,15
683,"发光 深青色方块 #683",#5f7377,95,115,119,189,20,46,100,15
684,"发光 青色方块 #684",#70888d,112,136,141,189,20,55,100,15
685,"发光 青色方块 #685",#839ea4,131,158,164,189,20,64,100,15
686,"发光 青色方块 #686",#95b5bb,149,181,187,189,20,73,100,15
687,"发光 淡青色方块 #687",#a7cad1,167,202,209,189,20,81,100,15
688,"发光 淡青色方块 #688",#b9e0e8,185,224,232,189,20,90,100,15
689,"发光 淡青色方块 #689",#ccf7ff,204,247,255,189,20,100,100,15
690,"发光 深青色方块 #690",#192f33,25,47,51,189,49,20,100,15
691,"发光 深青色方块 #691",#244349,36,67,73,189,49,28,100,15
692,"发光 深青色方块 #692",#305860,48,88,96,189,49,37,100,15
693,"发光 深青色方块 #693",#3c6e77,60,110,119,189,49,46,100,15
694,"发光 青色方块 #694",#47828d,71,130,141,189,49,55,100,15
695,"发光 青色方块 #695",#5297a4,82,151,164,189,49,64,100,15
696,"发光 青色方块 #696",#5eacbb,94,172,187,189,49,73,100,15
697,"发光 淡青色方块 #697",#69c1d1,105,193,209,189,49,81,100,15
698,"发光 淡青色方块 #698",#75d6e8,117,214,232,189,49,90,100,15
699,"发光 淡青色方块 #699",#81ebff,129,235,255,189,49,100,100,15
700,"发光 深青色方块 #700",#0c2d33,12,45,51,189,75,20,100,15
701,"发光 深青色方块 #701",#124049,18,64,73,189,75,28,100,15
702,"发光 深青色方块 #702",#175460,23,84,96,189,75,37,100,15
703,"发光 深青色方块 #703",#1d6977,29,105,119,189,75,46,100,15
704,"发光 青色方块 #704",#227c8d,34,124,141,189,75,55,100,15
705,"发光 青色方块 #705",#2891a4,40,145,164,189,75,64,100,15
706,"发光 青色方块 #706",#2ea5bb,46,165,187,189,75,73,100,15
707,"发光 青色方块 #707",#33b8d1,51,184,209,189,75,81,100,15
708,"发光 青色方块 #708",#39cde8,57,205,232,189,75,90,100,15
709,"发光 青色方块 #709",#3fe1ff,63,225,255,189,75,100,100,15
710,"发光 深青色方块 #710",#002b33,0,43,51,189,100,20,100,15
711,"发光 深青色方块 #711",#003d49,0,61,73,189,100,28,100,15
712,"发光 深青色方块 #712",#005160,0,81,96,189,100,37,100,15
713,"发光 深青色方块 #713",#006477,0,100,119,189,100,46,100,15
714,"发光 青色方块 #714",#00778d,0,119,141,189,100,55,100,15
715,"发光 青色方块 #715",#008aa4,0,138,164,189,100,64,100,15
716,"发光 青色方块 #716",#009ebb,0,158,187,189,100,73,100,15
717,"发光 青色方块 #717",#00b1d1,0,177,209,189,100,81,100,15
718,"发光 青色方块 #718",#00c4e8,0,196,232,189,100,90,100,15
719,"发光 青色方块 #719",#00d7ff,0,215,255,189,100,100,100,15
720,"发光 深天蓝色方块 #720",#282f33,40,47,51,200,20,20,100,15
721,"发光 深天蓝色方块 #721",#3a4449,58,68,73,200,20,28,100,15
722,"发光 深天蓝色方块 #722",#4c5960,76,89,96,200,20,37,100,15
723,"发光 深天蓝色方块 #723",#5f6e77,95,110,119,200,20,46,100,15
724,"发光 天蓝色方块 #724",#70838d,112,131,141,200,20,55,100,15
725,"发光 天蓝色方块 #725",#8398a4,131,152,164,200,20,64,100,15
726,"发光 天蓝色方块 #726",#95aebb,149,174,187,200,20,73,100,15
727,"发光 淡天蓝色方块 #727",#a7c2d1,167,194,209,200,20,81,100,15
728,"发光 淡天蓝色方块 #728",#b9d8e8,185,216,232,200,20,90,100,15
729,"发光 淡天蓝色方块 #729",#ccedff,204,237,255,200,20,100,100,15
730,"发光 深天蓝色方块 #730",#192a33,25,42,51,200,49,20,100,15
731,"发光 深天蓝色方块 #731",#243c49,36,60,73,200,49,28,100,15
732,"发光 深天蓝色方块 #732",#304f60,48,79,96,200,49,37,100,15
733,"发光 深天蓝色方块 #733",#3c6277,60,98,119,200,49,46,100,15
734,"发光 天蓝色方块 #734",#47758d,71,117,141,200,49,55,100,15
735,"发光 天蓝色方块 #735",#5288a4,82,136,164,200,49,64,100,15
736,"发光 天蓝色方块 #736",#5e9bbb,94,155,187,200,49,73,100,15
737,"发光 淡天蓝色方块 #737",#69add1,105,173,209,200,49,81,100,15
738,"发光 淡天蓝色方块 #738",#75c0e8,117,192,232,200,49,90,100,15
739,"发光 淡天蓝色方块 #739",#81d4ff,129,212,255,200,49,100,100,15
740,"发光 深天蓝色方块 #740",#0c2533,12,37,51,200,75,20,100,15
741,"发光 深天蓝色方块 #741",#123649,18,54,73,200,75,28,100,15
742,"发光 深天蓝色方块 #742",#174760,23,71,96,200,75,37,100,15
743,"发光 深天蓝色方块 #743",#1d5877,29,88,119,200,75,46,100,15
744,"发光 天蓝色方块 #744",#22688d,34,104,141,200,75,55,100,15
745,"发光 天蓝色方块 #745",#2879a4,40,121,164,200,75,64,100,15
746,"发光 天蓝色方块 #746",#2e8abb,46,138,187,200,75,73,100,15
747,"发光 天蓝色方块 #747",#339bd1,51,155,209,200,75,81,100,15
748,"发光 天蓝色方块 #748",#39ace8,57,172,232,200,75,90,100,15
749,"发光 天蓝色方块 #749",#3fbdff,63,189,255,200,75,100,100,15
750,"发光 深天蓝色方块 #750",#002133,0,33,51,200,100,20,100,15
751,"发光 深天蓝色方块 #751",#003049,0,48,73,200,100,28,100,15
752,"发光 深天蓝色方块 #752",#003f60,0,63,96,200,100,37,100,15
753,"发光 深天蓝色方块 #753",#004e77,0,78,119,200,100,46,100,15
754,"发光 天蓝色方块 #754",#005c8d,0,92,141,200,100,55,100,15
755,"发光 天蓝色方块 #755",#006ca4,0,108,164,200,100,64,100,15
756,"发光 天蓝色方块 #756",#007bbb,0,123,187,200,100,73,100,15
757,"发光 天蓝色方块 #757",#0089d1,0,137,209,200,100,81,100,15
758,"发光 天蓝色方块 #758",#0098e8,0,152,232,200,100,90,100,15
759,"发光 天蓝色方块 #759",#00a7ff,0,167,255,200,100,100,100,15
760,"发光 深天蓝色方块 #760",#282d33,40,45,51,211,20,20,100,15
761,"发光 深天蓝色方块 #761",#3a4149,58,65,73,211,20,28,100,15
762,"发光 深天蓝色方块 #762",#4c5560,76,85,96,211,20,37,100,15
763,"发光 深天蓝色方块 #763",#5f6a77,95,106,119,211,20,46,100,15
764,"发光 天蓝色方块 #764",#707e8d,112,126,141,211,20,55,100,15
765,"发光 天蓝色方块 #765",#8392a4,131,146,164,211,20,64,100,15
766,"发光 天蓝色方块 #766",#95a7bb,149,167,187,211,20,73,100,15
767,"发光 淡天蓝色方块 #767",#a7bad1,167,186,209,211,20,81,100,15
768,"发光 淡天蓝色方块 #768",#b9cfe8,185,207,232,211,20,90,100,15
769,"发光 淡天蓝色方块 #769",#cce3ff,204,227,255,211,20,100,100,15
770,"发光 深天蓝色方块 #770",#192533,25,37,51,211,49,20,100,15
771,"发光 深天蓝色方块 #771",#243549,36,53,73,211,49,28,100,15
772,"发光 深天蓝色方块 #772",#304660,48,70,96,211,49,37,100,15
773,"发光 深天蓝色方块 #773",#3c5777,60,87,119,211,49,46,100,15
774,"发光 天蓝色方块 #774",#47688d,71,104,141,211,49,55,100,15
775,"发光 天蓝色方块 #775",#5279a4,82,121,164,211,49,64,100,15
776,"发光 天蓝色方块 #776",#5e8abb,94,138,187,211,49,73,100,15
777,"发光 淡天蓝色方块 #777",#699ad1,105,154,209,211,49,81,100,15
778,"发光 淡天蓝色方块 #778",#75abe8,117,171,232,211,49,90,100,15
779,"发光 淡天蓝色方块 #779",#81bcff,129,188,255,211,49,100,100,15
780,"发光 深天蓝色方块 #780",#0c1e33,12,30,51,211,75,20,100,15
781,"发光 深天蓝色方块 #781",#122b49,18,43,73,211,75,28,100,15
782,"发光 深天蓝色方块 #782",#173960,23,57,96,211,75,37,100,15
783,"发光 深天蓝色方块 #783",#1d4777,29,71,119,211,75,46,100,15
784,"发光 天蓝色方块 #784",#22548d,34,84,141,211,75,55,100,15
785,"发光 天蓝色方块 #785",#2862a4,40,98,164,211,75,64,100,15
786,"发光 天蓝色方块 #786",#2e70bb,46,112,187,211,75,73,100,15
787,"发光 天蓝色方块 #787",#337dd1,51,125,209,211,75,81,100,15
788,"发光 天蓝色方块 #788",#398be8,57,139,232,211,75,90,100,15
789,"发光 天蓝色方块 #789",#3f99ff,63,153,255,211,75,100,100,15
790,"发光 深天蓝色方块 #790",#001733,0,23,51,211,100,20,100,15
791,"发光 深天蓝色方块 #791",#002249,0,34,73,211,100,28,100,15
792,"发光 深天蓝色方块 #792",#002d60,0,45,96,211,100,37,100,15
793,"发光 深天蓝色方块 #793",#003777,0,55,119,211,100,46,100,15
794,"发光 天蓝色方块 #794",#00428d,0,66,141,211,100,55,100,15
795,"发光 天蓝色方块 #795",#004da4,0,77,164,211,100,64,100,15
796,"发光 天蓝色方块 #796",#0057bb,0,87,187,211,100,73,100,15
797,"发光 天蓝色方块 #797",#0062d1,0,98,209,211,100,81,100,15
798,"发光 天蓝色方块 #798",#006de8,0,109,232,211,100,90,100,15
799,"发光 天蓝色方块 #799",#0077ff,0,119,255,211,100,100,100,15
800,"发光 深天蓝色方块 #800",#282b33,40,43,51,221,20,20,100,15
801,"发光 深天蓝色方块 #801",#3a3e49,58,62,73,221,20,28,100,15
802,"发光 深天蓝色方块 #802",#4c5260,76,82,96,221,20,37,100,15
803,"发光 深天蓝色方块 #803",#5f6677,95,102,119,221,20,46,100,15
804,"发光 天蓝色方块 #804",#70798d,112,121,141,221,20,55,100,15
805,"发光 天蓝色方块 #805",#838da4,131,141,164,221,20,64,100,15
806,"发光 天蓝色方块 #806",#95a1bb,149,161,187,221,20,73,100,15
807,"发光 淡天蓝色方块 #807",#a7b3d1,167,179,209,221,20,81,100,15
808,"发光 淡天蓝色方块 #808",#b9c7e8,185,199,232,221,20,90,100,15
809,"发光 淡天蓝色方块 #809",#ccdbff,204,219,255,221,20,100,100,15
810,"发光 深天蓝色方块 #810",#192133,25,33,51,221,49,20,100,15
811,"发光 深天蓝色方块 #811",#242f49,36,47,73,221,49,28,100,15
812,"发光 深天蓝色方块 #812",#303f60,48,63,96,221,49,37,100,15
813,"发光 深天蓝色方块 #813",#3c4e77,60,78,119,221,49,46,100,15
814,"发光 天蓝色方块 #814",#475c8d,71,92,141,221,49,55,100,15
815,"发光 天蓝色方块 #815",#526ba4,82,107,164,221,49,64,100,15
816,"发光 天蓝色方块 #816",#5e7abb,94,122,187,221,49,73,100,15
817,"发光 淡天蓝色方块 #817",#6989d1,105,137,209,221,49,81,100,15
818,"发光 淡天蓝色方块 #818",#7598e8,117,152,232,221,49,90,100,15
819,"发光 淡天蓝色方块 #819",#81a7ff,129,167,255,221,49,100,100,15
820,"发光 深天蓝色方块 #820",#0c1833,12,24,51,221,75,20,100,15
821,"发光 深天蓝色方块 #821",#122249,18,34,73,221,75,28,100,15
822,"发光 深天蓝色方块 #822",#172d60,23,45,96,221,75,37,100,15
823,"发光 深天蓝色方块 #823",#1d3877,29,56,119,221,75,46,100,15
824,"发光 天蓝色方块 #824",#22438d,34,67,141,221,75,55,100,15
825,"发光 天蓝色方块 #825",#284ea4,40,78,164,221,75,64,100,15
826,"发光 天蓝色方块 #826",#2e59bb,46,89,187,221,75,73,100,15
827,"发光 天蓝色方块 #827",#3363d1,51,99,209,221,75,81,100,15
828,"发光 天蓝色方块 #828",#396ee8,57,110,232,221,75,90,100,15
829,"发光 天蓝色方块 #829",#3f79ff,63,121,255,221,75,100,100,15
830,"发光 深天蓝色方块 #830",#000f33,0,15,51,221,100,20,100,15
831,"发光 深天蓝色方块 #831",#001649,0,22,73,221,100,28,100,15
832,"发光 深天蓝色方块 #832",#001d60,0,29,96,221,100,37,100,15
833,"发光 深天蓝色方块 #833",#002477,0,36,119,221,100,46,100,15
834,"发光 天蓝色方块 #834",#002b8d,0,43,141,221,100,55,100,15
835,"发光 天蓝色方块 #835",#0032a4,0,50,164,221,100,64,100,15
836,"发光 天蓝色方块 #836",#0039bb,0,57,187,221,100,73,100,15
837,"发光 天蓝色方块 #837",#003fd1,0,63,209,221,100,81,100,15
838,"发光 天蓝色方块 #838",#0046e8,0,70,232,221,100,90,100,15
839,"发光 天蓝色方块 #839",#004dff,0,77,255,221,100,100,100,15
840,"发光 深蓝色方块 #840",#282a33,40,42,51,232,20,20,100,15
841,"发光 深蓝色方块 #841",#3a3c49,58,60,73,232,20,28,100,15
842,"发光 深蓝色方块 #842",#4c4f60,76,79,96,232,20,37,100,15
843,"发光 深蓝色方块 #843",#5f6177,95,97,119,232,20,46,100,15
844,"发光 蓝色方块 #844",#70748d,112,116,141,232,20,55,100,15
845,"发光 蓝色方块 #845",#8387a4,131,135,164,232,20,64,100,15
846,"发光 蓝色方块 #846",#959abb,149,154,187,232,20,73,100,15
847,"发光 淡蓝色方块 #847",#a7acd1,167,172,209,232,20,81,100,15
848,"发光 淡蓝色方块 #848",#b9bfe8,185,191,232,232,20,90,100,15
849,"发光 淡蓝色方块 #849",#ccd2ff,204,210,255,232,20,100,100,15
850,"发光 深蓝色方块 #850",#191c33,25,28,51,232,49,20,100,15
851,"发光 深蓝色方块 #851",#242949,36,41,73,232,49,28,100,15
852,"发光 深蓝色方块 #852",#303660,48,54,96,232,49,37,100,15
853,"发光 深蓝色方块 #853",#3c4377,60,67,119,232,49,46,100,15
854,"发光 蓝色方块 #854",#474f8d,71,79,141,232,49,55,100,15
855,"发光 蓝色方块 #855",#525ca4,82,92,164,232,49,64,100,15
856,"发光 蓝色方块 #856",#5e69bb,94,105,187,232,49,73,100,15
857,"发光 淡蓝色方块 #857",#6975d1,105,117,209,232,49,81,100,15
858,"发光 淡蓝色方块 #858",#7582e8,117,130,232,232,49,90,100,15
859,"发光 淡蓝色方块 #859",#818fff,129,143,255,232,49,100,100,15
860,"发光 深蓝色方块 #860",#0c1133,12,17,51,232,75,20,100,15
861,"发光 深蓝色方块 #861",#121849,18,24,73,232,75,28,100,15
862,"发光 深蓝色方块 #862",#172060,23,32,96,232,75,37,100,15
863,"发光 深蓝色方块 #863",#1d2777,29,39,119,232,75,46,100,15
864,"发光 蓝色方块 #864",#222f8d,34,47,141,232,75,55,100,15
865,"发光 蓝色方块 #865",#2837a4,40,55,164,232,75,64,100,15
866,"发光 蓝色方块 #866",#2e3ebb,46,62,187,232,75,73,100,15
867,"发光 蓝色方块 #867",#3346d1,51,70,209,232,75,81,100,15
868,"发光 蓝色方块 #868",#394de8,57,77,232,232,75,90,100,15
869,"发光 蓝色方块 #869",#3f55ff,63,85,255,232,75,100,100,15
870,"发光 深蓝色方块 #870",#000533,0,5,51,232,100,20,100,15
871,"发光 深蓝色方块 #871",#000849,0,8,73,232,100,28,100,15
872,"发光 深蓝色方块 #872",#000b60,0,11,96,232,100,37,100,15
873,"发光 深蓝色方块 #873",#000d77,0,13,119,232,100,46,100,15
874,"发光 蓝色方块 #874",#00108d,0,16,141,232,100,55,100,15
875,"发光 蓝色方块 #875",#0013a4,0,19,164,232,100,64,100,15
876,"发光 蓝色方块 #876",#0015bb,0,21,187,232,100,73,100,15
877,"发光 蓝色方块 #877",#0018d1,0,24,209,232,100,81,100,15
878,"发光 蓝色方块 #878",#001be8,0,27,232,232,100,90,100,15
879,"发光 蓝色方块 #879",#001dff,0,29,255,232,100,100,100,15
880,"发光 深蓝色方块 #880",#292833,41,40,51,244,20,20,100,15
881,"发光 深蓝色方块 #881",#3b3a49,59,58,73,244,20,28,100,15
882,"发光 深蓝色方块 #882",#4e4c60,78,76,96,244,20,37,100,15
883,"发光 深蓝色方块 #883",#605f77,96,95,119,244,20,46,100,15
884,"发光 蓝色方块 #884",#72708d,114,112,141,244,20,55,100,15
885,"发光 蓝色方块 #885",#8583a4,133,131,164,244,20,64,100,15
886,"发光 蓝色方块 #886",#9895bb,152,149,187,244,20,73,100,15
887,"发光 淡蓝色方块 #887",#aaa7d1,170,167,209,244,20,81,100,15
888,"发光 淡蓝色方块 #888",#bcb9e8,188,185,232,244,20,90,100,15
889,"发光 淡蓝色方块 #889",#cfccff,207,204,255,244,20,100,100,15
890,"发光 深蓝色方块 #890",#1b1933,27,25,51,244,49,20,100,15
891,"发光 深蓝色方块 #891",#272449,39,36,73,244,49,28,100,15
892,"发光 深蓝色方块 #892",#333060,51,48,96,244,49,37,100,15
893,"发光 深蓝色方块 #893",#403c77,64,60,119,244,49,46,100,15
894,"发光 蓝色方块 #894",#4c478d,76,71,141,244,49,55,100,15
895,"发光 蓝色方块 #895",#5852a4,88,82,164,244,49,64,100,15
896,"发光 蓝色方块 #896",#655ebb,101,94,187,244,49,73,100,15
897,"发光 淡蓝色方块 #897",#7169d1,113,105,209,244,49,81,100,15
898,"发光 淡蓝色方块 #898",#7d75e8,125,117,232,244,49,90,100,15
899,"发光 淡蓝色方块 #899",#8981ff,137,129,255,244,49,100,100,15
900,"发光 深蓝色方块 #900",#0f0c33,15,12,51,244,75,20,100,15
901,"发光 深蓝色方块 #901",#151249,21,18,73,244,75,28,100,15
902,"发光 深蓝色方块 #902",#1c1760,28,23,96,244,75,37,100,15
903,"发光 深蓝色方块 #903",#231d77,35,29,119,244,75,46,100,15
904,"发光 蓝色方块 #904",#2a228d,42,34,141,244,75,55,100,15
905,"发光 蓝色方块 #905",#3128a4,49,40,164,244,75,64,100,15
906,"发光 蓝色方块 #906",#382ebb,56,46,187,244,75,73,100,15
907,"发光 蓝色方块 #907",#3e33d1,62,51,209,244,75,81,100,15
908,"发光 蓝色方块 #908",#4539e8,69,57,232,244,75,90,100,15
909,"发光 蓝色方块 #909",#4c3fff,76,63,255,244,75,100,100,15
910,"发光 深蓝色方块 #910",#030033,3,0,51,244,100,20,100,15
911,"发光 深蓝色方块 #911",#050049,5,0,73,244,100,28,100,15
912,"发光 深蓝色方块 #912",#060060,6,0,96,244,100,37,100,15
913,"发光 深蓝色方块 #913",#080077,8,0,119,244,100,46,100,15
914,"发光 蓝色方块 #914",#09008d,9,0,141,244,100,55,100,15
915,"发光 蓝色方块 #915",#0b00a4,11,0,164,244,100,64,100,15
916,"发光 蓝色方块 #916",#0d00bb,13,0,187,244,100,73,100,15
917,"发光 蓝色方块 #917",#0e00d1,14,0,209,244,100,81,100,15
918,"发光 蓝色方块 #918",#1000e8,16,0,232,244,100,90,100,15
919,"发光 蓝色方块 #919",#1200ff,18,0,255,244,100,100,100,15
920,"发光 深紫色方块 #920",#2b2833,43,40,51,255,20,20,100,15
921,"发光 深紫色方块 #921",#3e3a49,62,58,73,255,20,28,100,15
922,"发光 深紫色方块 #922",#514c60,81,76,96,255,20,37,100,15
923,"发光 深紫色方块 #923",#655f77,101,95,119,255,20,46,100,15
924,"发光 紫色方块 #924",#78708d,120,112,141,255,20,55,100,15
925,"发光 紫色方块 #925",#8b83a4,139,131,164,255,20,64,100,15
926,"发光 紫色方块 #926",#9f95bb,159,149,187,255,20,73,100,15
927,"发光 淡紫色方块 #927",#b2a7d1,178,167,209,255,20,81,100,15
928,"发光 淡紫色方块 #928",#c5b9e8,197,185,232,255,20,90,100,15
929,"发光 淡紫色方块 #929",#d9ccff,217,204,255,255,20,100,100,15
930,"发光 深紫色方块 #930",#201933,32,25,51,255,49,20,100,15
931,"发光 深紫色方块 #931",#2e2449,46,36,73,255,49,28,100,15
932,"发光 深紫色方块 #932",#3c3060,60,48,96,255,49,37,100,15
933,"发光 深紫色方块 #933",#4b3c77,75,60,119,255,49,46,100,15
934,"发光 紫色方块 #934",#59478d,89,71,141,255,49,55,100,15
935,"发光 紫色方块 #935",#6752a4,103,82,164,255,49,64,100,15
936,"发光 紫色方块 #936",#765ebb,118,94,187,255,49,73,100,15
937,"发光 淡紫色方块 #937",#8469d1,132,105,209,255,49,81,100,15
938,"发光 淡紫色方块 #938",#9375e8,147,117,232,255,49,90,100,15
939,"发光 淡紫色方块 #939",#a181ff,161,129,255,255,49,100,100,15
940,"发光 深紫色方块 #940",#160c33,22,12,51,255,75,20,100,15
941,"发光 深紫色方块 #941",#201249,32,18,73,255,75,28,100,15
942,"发光 深紫色方块 #942",#2a1760,42,23,96,255,75,37,100,15
943,"发光 深紫色方块 #943",#341d77,52,29,119,255,75,46,100,15
944,"发光 紫色方块 #944",#3e228d,62,34,141,255,75,55,100,15
945,"发光 紫色方块 #945",#4828a4,72,40,164,255,75,64,100,15
946,"发光 紫色方块 #946",#522ebb,82,46,187,255,75,73,100,15
947,"发光 紫色方块 #947",#5c33d1,92,51,209,255,75,81,100,15
948,"发光 紫色方块 #948",#6639e8,102,57,232,255,75,90,100,15
949,"发光 紫色方块 #949",#703fff,112,63,255,255,75,100,100,15
950,"发光 深紫色方块 #950",#0d0033,13,0,51,255,100,20,100,15
951,"发光 深紫色方块 #951",#120049,18,0,73,255,100,28,100,15
952,"发光 深紫色方块 #952",#180060,24,0,96,255,100,37,100,15
953,"发光 深紫色方块 #953",#1e0077,30,0,119,255,100,46,100,15
954,"发光 紫色方块 #954",#24008d,36,0,141,255,100,55,100,15
955,"发光 紫色方块 #955",#2a00a4,42,0,164,255,100,64,100,15
956,"发光 紫色方块 #956",#3000bb,48,0,187,255,100,73,100,15
957,"发光 紫色方块 #957",#3600d1,54,0,209,255,100,81,100,15
958,"发光 紫色方块 #958",#3c00e8,60,0,232,255,100,90,100,15
959,"发光 紫色方块 #959",#4100ff,65,0,255,255,100,100,100,15
960,"发光 深紫色方块 #960",#2d2833,45,40,51,266,20,20,100,15
961,"发光 深紫色方块 #961",#403a49,64,58,73,266,20,28,100,15
962,"发光 深紫色方块 #962",#554c60,85,76,96,266,20,37,100,15
963,"发光 深紫色方块 #963",#695f77,105,95,119,266,20,46,100,15
964,"发光 紫色方块 #964",#7d708d,125,112,141,266,20,55,100,15
965,"发光 紫色方块 #965",#9183a4,145,131,164,266,20,64,100,15
966,"发光 紫色方块 #966",#a695bb,166,149,187,266,20,73,100,15
967,"发光 淡紫色方块 #967",#b9a7d1,185,167,209,266,20,81,100,15
968,"发光 淡紫色方块 #968",#ceb9e8,206,185,232,266,20,90,100,15
969,"发光 淡紫色方块 #969",#e2ccff,226,204,255,266,20,100,100,15
970,"发光 深紫色方块 #970",#251933,37,25,51,266,49,20,100,15
971,"发光 深紫色方块 #971",#352449,53,36,73,266,49,28,100,15
972,"发光 深紫色方块 #972",#453060,69,48,96,266,49,37,100,15
973,"发光 深紫色方块 #973",#563c77,86,60,119,266,49,46,100,15
974,"发光 紫色方块 #974",#66478d,102,71,141,266,49,55,100,15
975,"发光 紫色方块 #975",#7752a4,119,82,164,266,49,64,100,15
976,"发光 紫色方块 #976",#875ebb,135,94,187,266,49,73,100,15
977,"发光 淡紫色方块 #977",#9769d1,151,105,209,266,49,81,100,15
978,"发光 淡紫色方块 #978",#a875e8,168,117,232,266,49,90,100,15
979,"发光 淡紫色方块 #979",#b981ff,185,129,255,266,49,100,100,15
980,"发光 深紫色方块 #980",#1d0c33,29,12,51,266,75,20,100,15
981,"发光 深紫色方块 #981",#2a1249,42,18,73,266,75,28,100,15
982,"发光 深紫色方块 #982",#381760,56,23,96,266,75,37,100,15
983,"发光 深紫色方块 #983",#451d77,69,29,119,266,75,46,100,15
984,"发光 紫色方块 #984",#52228d,82,34,141,266,75,55,100,15
985,"发光 紫色方块 #985",#5f28a4,95,40,164,266,75,64,100,15
986,"发光 紫色方块 #986",#6d2ebb,109,46,187,266,75,73,100,15
987,"发光 紫色方块 #987",#7933d1,121,51,209,266,75,81,100,15
988,"发光 紫色方块 #988",#8739e8,135,57,232,266,75,90,100,15
989,"发光 紫色方块 #989",#943fff,148,63,255,266,75,100,100,15
990,"发光 深紫色方块 #990",#160033,22,0,51,266,100,20,100,15
991,"发光 深紫色方块 #991",#200049,32,0,73,266,100,28,100,15
992,"发光 深紫色方块 #992",#2a0060,42,0,96,266,100,37,100,15
993,"发光 深紫色方块 #993",#350077,53,0,119,266,100,46,100,15
994,"发光 紫色方块 #994",#3f008d,63,0,141,266,100,55,100,15
995,"发光 紫色方块 #995",#4900a4,73,0,164,266,100,64,100,15
996,"发光 紫色方块 #996",#5300bb,83,0,187,266,100,73,100,15
997,"发光 紫色方块 #997",#5d00d1,93,0,209,266,100,81,100,15
998,"发光 紫色方块 #998",#6700e8,103,0,232,266,100,90,100,15
999,"发光 紫色方块 #999",#7200ff,114,0,255,266,100,100,100,15
1000,"发光 深紫色方块 #1000",#2f2833,47,40,51,278,20,20,100,15
1001,"发光 深紫色方块 #1001",#433a49,67,58,73,278,20,28,100,15
1002,"发光 深紫色方块 #1002",#584c60,88,76,96,278,20,37,100,15
1003,"发光 深紫色方块 #1003",#6e5f77,110,95,119,278,20,46,100,15
1004,"发光 紫色方块 #1004",#82708d,130,112,141,278,20,55,100,15
1005,"发光 紫色方块 #1005",#9883a4,152,131,164,278,20,64,100,15
1006,"发光 紫色方块 #1006",#ad95bb,173,149,187,278,20,73,100,15
1007,"发光 淡紫色方块 #1007",#c1a7d1,193,167,209,278,20,81,100,15
1008,"发光 淡紫色方块 #1008",#d7b9e8,215,185,232,278,20,90,100,15
1009,"发光 淡紫色方块 #1009",#ecccff,236,204,255,278,20,100,100,15
1010,"发光 深紫色方块 #1010",#291933,41,25,51,278,49,20,100,15
1011,"发光 深紫色方块 #1011",#3b2449,59,36,73,278,49,28,100,15
1012,"发光 深紫色方块 #1012",#4e3060,78,48,96,278,49,37,100,15
1013,"发光 深紫色方块 #1013",#613c77,97,60,119,278,49,46,100,15
1014,"发光 紫色方块 #1014",#73478d,115,71,141,278,49,55,100,15
1015,"发光 紫色方块 #1015",#8652a4,134,82,164,278,49,64,100,15
1016,"发光 紫色方块 #1016",#995ebb,153,94,187,278,49,73,100,15
1017,"发光 淡紫色方块 #1017",#ab69d1,171,105,209,278,49,81,100,15
1018,"发光 淡紫色方块 #1018",#be75e8,190,117,232,278,49,90,100,15
1019,"发光 淡紫色方块 #1019",#d181ff,209,129,255,278,49,100,100,15
1020,"发光 深紫色方块 #1020",#240c33,36,12,51,278,75,20,100,15
1021,"发光 深紫色方块 #1021",#341249,52,18,73,278,75,28,100,15
1022,"发光 深紫色方块 #1022",#451760,69,23,96,278,75,37,100,15
1023,"发光 深紫色方块 #1023",#561d77,86,29,119,278,75,46,100,15
1024,"发光 紫色方块 #1024",#66228d,102,34,141,278,75,55,100,15
1025,"发光 紫色方块 #1025",#7628a4,118,40,164,278,75,64,100,15
1026,"发光 紫色方块 #1026",#872ebb,135,46,187,278,75,73,100,15
1027,"发光 紫色方块 #1027",#9733d1,151,51,209,278,75,81,100,15
1028,"发光 紫色方块 #1028",#a839e8,168,57,232,278,75,90,100,15
1029,"发光 紫色方块 #1029",#b83fff,184,63,255,278,75,100,100,15
1030,"发光 深紫色方块 #1030",#200033,32,0,51,278,100,20,100,15
1031,"发光 深紫色方块 #1031",#2e0049,46,0,73,278,100,28,100,15
1032,"发光 深紫色方块 #1032",#3c0060,60,0,96,278,100,37,100,15
1033,"发光 深紫色方块 #1033",#4b0077,75,0,119,278,100,46,100,15
1034,"发光 紫色方块 #1034",#59008d,89,0,141,278,100,55,100,15
1035,"发光 紫色方块 #1035",#6800a4,104,0,164,278,100,64,100,15
1036,"发光 紫色方块 #1036",#7600bb,118,0,187,278,100,73,100,15
1037,"发光 紫色方块 #1037",#8400d1,132,0,209,278,100,81,100,15
1038,"发光 紫色方块 #1038",#9300e8,147,0,232,278,100,90,100,15
1039,"发光 紫色方块 #1039",#a200ff,162,0,255,278,100,100,100,15
1040,"发光 深品红色方块 #1040",#312833,49,40,51,289,20,20,100,15
1041,"发光 深品红色方块 #1041",#463a49,70,58,73,289,20,28,100,15
1042,"发光 深品红色方块 #1042",#5c4c60,92,76,96,289,20,37,100,15
1043,"发光 深品红色方块 #1043",#725f77,114,95,119,289,20,46,100,15
1044,"发光 品红色方块 #1044",#88708d,136,112,141,289,20,55,100,15
1045,"发光 品红色方块 #1045",#9e83a4,158,131,164,289,20,64,100,15
1046,"发光 品红色方块 #1046",#b495bb,180,149,187,289,20,73,100,15
1047,"发光 淡品红色方块 #1047",#c9a7d1,201,167,209,289,20,81,100,15
1048,"发光 淡品红色方块 #1048",#dfb9e8,223,185,232,289,20,90,100,15
1049,"发光 淡品红色方块 #1049",#f6ccff,246,204,255,289,20,100,100,15
1050,"发光 深品红色方块 #1050",#2e1933,46,25,51,289,49,20,100,15
1051,"发光 深品红色方块 #1051",#422449,66,36,73,289,49,28,100,15
1052,"发光 深品红色方块 #1052",#573060,87,48,96,289,49,37,100,15
1053,"发光 深品红色方块 #1053",#6c3c77,108,60,119,289,49,46,100,15
1054,"发光 品红色方块 #1054",#80478d,128,71,141,289,49,55,100,15
1055,"发光 品红色方块 #1055",#9552a4,149,82,164,289,49,64,100,15
1056,"发光 品红色方块 #1056",#aa5ebb,170,94,187,289,49,73,100,15
1057,"发光 淡品红色方块 #1057",#be69d1,190,105,209,289,49,81,100,15
1058,"发光 淡品红色方块 #1058",#d375e8,211,117,232,289,49,90,100,15
1059,"发光 淡品红色方块 #1059",#e881ff,232,129,255,289,49,100,100,15
1060,"发光 深品红色方块 #1060",#2c0c33,44,12,51,289,75,20,100,15
1061,"发光 深品红色方块 #1061",#3f1249,63,18,73,289,75,28,100,15
1062,"发光 深品红色方块 #1062",#531760,83,23,96,289,75,37,100,15
1063,"发光 深品红色方块 #1063",#671d77,103,29,119,289,75,46,100,15
1064,"发光 品红色方块 #1064",#7a228d,122,34,141,289,75,55,100,15
1065,"发光 品红色方块 #1065",#8e28a4,142,40,164,289,75,64,100,15
1066,"发光 品红色方块 #1066",#a22ebb,162,46,187,289,75,73,100,15
1067,"发光 品红色方块 #1067",#b533d1,181,51,209,289,75,81,100,15
1068,"发光 品红色方块 #1068",#c939e8,201,57,232,289,75,90,100,15
1069,"发光 品红色方块 #1069",#dd3fff,221,63,255,289,75,100,100,15
1070,"发光 深品红色方块 #1070",#2a0033,42,0,51,289,100,20,100,15
1071,"发光 深品红色方块 #1071",#3c0049,60,0,73,289,100,28,100,15
1072,"发光 深品红色方块 #1072",#4f0060,79,0,96,289,100,37,100,15
1073,"发光 深品红色方块 #1073",#620077,98,0,119,289,100,46,100,15
1074,"发光 品红色方块 #1074",#74008d,116,0,141,289,100,55,100,15
1075,"发光 品红色方块 #1075",#8700a4,135,0,164,289,100,64,100,15
1076,"发光 品红色方块 #1076",#9a00bb,154,0,187,289,100,73,100,15
1077,"发光 品红色方块 #1077",#ac00d1,172,0,209,289,100,81,100,15
1078,"发光 品红色方块 #1078",#bf00e8,191,0,232,289,100,90,100,15
1079,"发光 品红色方块 #1079",#d200ff,210,0,255,289,100,100,100,15
1080,"发光 深品红色方块 #1080",#332832,51,40,50,300,20,20,100,15
1081,"发光 深品红色方块 #1081",#493a48,73,58,72,300,20,28,100,15
1082,"发光 深品红色方块 #1082",#604c5f,96,76,95,300,20,37,100,15
1083,"发光 深品红色方块 #1083",#775f76,119,95,118,300,20,46,100,15
1084,"发光 品红色方块 #1084",#8d708c,141,112,140,300,20,55,100,15
1085,"发光 品红色方块 #1085",#a483a3,164,131,163,300,20,64,100,15
1086,"发光 品红色方块 #1086",#bb95ba,187,149,186,300,20,73,100,15
1087,"发光 淡品红色方块 #1087",#d1a7d0,209,167,208,300,20,81,100,15
1088,"发光 淡品红色方块 #1088",#e8b9e7,232,185,231,300,20,90,100,15
1089,"发光 淡品红色方块 #1089",#ffccfe,255,204,254,300,20,100,100,15
1090,"发光 深品红色方块 #1090",#331932,51,25,50,300,49,20,100,15
1091,"发光 深品红色方块 #1091",#492448,73,36,72,300,49,28,100,15
1092,"发光 深品红色方块 #1092",#60305f,96,48,95,300,49,37,100,15
1093,"发光 深品红色方块 #1093",#773c76,119,60,118,300,49,46,100,15
1094,"发光 品红色方块 #1094",#8d478c,141,71,140,300,49,55,100,15
1095,"发光 品红色方块 #1095",#a452a3,164,82,163,300,49,64,100,15
1096,"发光 品红色方块 #1096",#bb5eb9,187,94,185,300,49,73,100,15
1097,"发光 淡品红色方块 #1097",#d169cf,209,105,207,300,49,81,100,15
1098,"发光 淡品红色方块 #1098",#e875e6,232,117,230,300,49,90,100,15
1099,"发光 淡品红色方块 #1099",#ff81fd,255,129,253,300,49,100,100,15
1100,"发光 深品红色方块 #1100",#330c32,51,12,50,300,75,20,100,15
1101,"发光 深品红色方块 #1101",#491248,73,18,72,300,75,28,100,15
1102,"发光 深品红色方块 #1102",#60175f,96,23,95,300,75,37,100,15
1103,"发光 深品红色方块 #1103",#771d75,119,29,117,300,75,46,100,15
1104,"发光 品红色方块 #1104",#8d228b,141,34,139,300,75,55,100,15
1105,"发光 品红色方块 #1105",#a428a2,164,40,162,300,75,64,100,15
1106,"发光 品红色方块 #1106",#bb2eb9,187,46,185,300,75,73,100,15
1107,"发光 品红色方块 #1107",#d133cf,209,51,207,300,75,81,100,15
1108,"发光 品红色方块 #1108",#e839e5,232,57,229,300,75,90,100,15
1109,"发光 品红色方块 #1109",#ff3ffc,255,63,252,300,75,100,100,15
1110,"发光 深品红色方块 #1110",#330032,51,0,50,300,100,20,100,15
1111,"发光 深品红色方块 #1111",#490048,73,0,72,300,100,28,100,15
1112,"发光 深品红色方块 #1112",#60005e,96,0,94,300,100,37,100,15
1113,"发光 深品红色方块 #1113",#770075,119,0,117,300,100,46,100,15
1114,"发光 品红色方块 #1114",#8d008b,141,0,139,300,100,55,100,15
1115,"发光 品红色方块 #1115",#a400a2,164,0,162,300,100,64,100,15
1116,"发光 品红色方块 #1116",#bb00b8,187,0,184,300,100,73,100,15
1117,"发光 品红色方块 #1117",#d100ce,209,0,206,300,100,81,100,15
1118,"发光 品红色方块 #1118",#e800e5,232,0,229,300,100,90,100,15
1119,"发光 品红色方块 #1119",#ff00fc,255,0,252,300,100,100,100,15
1120,"发光 深品红色方块 #1120",#332830,51,40,48,312,20,20,100,15
1121,"发光 深品红色方块 #1121",#493a46,73,58,70,312,20,28,100,15
1122,"发光 深品红色方块 #1122",#604c5c,96,76,92,312,20,37,100,15
1123,"发光 深品红色方块 #1123",#775f72,119,95,114,312,20,46,100,15
1124,"发光 品红色方块 #1124",#8d7087,141,112,135,312,20,55,100,15
1125,"发光 品红色方块 #1125",#a4839d,164,131,157,312,20,64,100,15
1126,"发光 品红色方块 #1126",#bb95b3,187,149,179,312,20,73,100,15
1127,"发光 淡品红色方块 #1127",#d1a7c8,209,167,200,312,20,81,100,15
1128,"发光 淡品红色方块 #1128",#e8b9de,232,185,222,312,20,90,100,15
1129,"发光 淡品红色方块 #1129",#ffccf4,255,204,244,312,20,100,100,15
1130,"发光 深品红色方块 #1130",#33192d,51,25,45,312,49,20,100,15
1131,"发光 深品红色方块 #1131",#492441,73,36,65,312,49,28,100,15
1132,"发光 深品红色方块 #1132",#603056,96,48,86,312,49,37,100,15
1133,"发光 深品红色方块 #1133",#773c6b,119,60,107,312,49,46,100,15
1134,"发光 品红色方块 #1134",#8d477f,141,71,127,312,49,55,100,15
1135,"发光 品红色方块 #1135",#a45293,164,82,147,312,49,64,100,15
1136,"发光 品红色方块 #1136",#bb5ea8,187,94,168,312,49,73,100,15
1137,"发光 淡品红色方块 #1137",#d169bc,209,105,188,312,49,81,100,15
1138,"发光 淡品红色方块 #1138",#e875d1,232,117,209,312,49,90,100,15
1139,"发光 淡品红色方块 #1139",#ff81e5,255,129,229,312,49,100,100,15
1140,"发光 深品红色方块 #1140",#330c2b,51,12,43,312,75,20,100,15
1141,"发光 深品红色方块 #1141",#49123e,73,18,62,312,75,28,100,15
1142,"发光 深品红色方块 #1142",#601751,96,23,81,312,75,37,100,15
1143,"发光 深品红色方块 #1143",#771d65,119,29,101,312,75,46,100,15
1144,"发光 品红色方块 #1144",#8d2277,141,34,119,312,75,55,100,15
1145,"发光 品红色方块 #1145",#a4288b,164,40,139,312,75,64,100,15
1146,"发光 品红色方块 #1146",#bb2e9e,187,46,158,312,75,73,100,15
1147,"发光 品红色方块 #1147",#d133b1,209,51,177,312,75,81,100,15
1148,"发光 品红色方块 #1148",#e839c5,232,57,197,312,75,90,100,15
1149,"发光 品红色方块 #1149",#ff3fd8,255,63,216,312,75,100,100,15
1150,"发光 深品红色方块 #1150",#330028,51,0,40,312,100,20,100,15
1151,"发光 深品红色方块 #1151",#49003a,73,0,58,312,100,28,100,15
1152,"发光 深品红色方块 #1152",#60004c,96,0,76,312,100,37,100,15
1153,"发光 深品红色方块 #1153",#77005f,119,0,95,312,100,46,100,15
1154,"发光 品红色方块 #1154",#8d0070,141,0,112,312,100,55,100,15
1155,"发光 品红色方块 #1155",#a40083,164,0,131,312,100,64,100,15
1156,"发光 品红色方块 #1156",#bb0095,187,0,149,312,100,73,100,15
1157,"发光 品红色方块 #1157",#d100a7,209,0,167,312,100,81,100,15
1158,"发光 品红色方块 #1158",#e800b9,232,0,185,312,100,90,100,15
1159,"发光 品红色方块 #1159",#ff00cb,255,0,203,312,100,100,100,15
1160,"发光 深粉色方块 #1160",#33282f,51,40,47,323,20,20,100,15
1161,"发光 深粉色方块 #1161",#493a43,73,58,67,323,20,28,100,15
1162,"发光 深粉色方块 #1162",#604c58,96,76,88,323,20,37,100,15
1163,"发光 深粉色方块 #1163",#775f6d,119,95,109,323,20,46,100,15
1164,"发光 粉色方块 #1164",#8d7082,141,112,130,323,20,55,100,15
1165,"发光 粉色方块 #1165",#a48397,164,131,151,323,20,64,100,15
1166,"发光 粉色方块 #1166",#bb95ac,187,149,172,323,20,73,100,15
1167,"发光 淡粉色方块 #1167",#d1a7c0,209,167,192,323,20,81,100,15
1168,"发光 淡粉色方块 #1168",#e8b9d5,232,185,213,323,20,90,100,15
1169,"发光 淡粉色方块 #1169",#ffcceb,255,204,235,323,20,100,100,15
1170,"发光 深粉色方块 #1170",#331929,51,25,41,323,49,20,100,15
1171,"发光 深粉色方块 #1171",#49243a,73,36,58,323,49,28,100,15
1172,"发光 深粉色方块 #1172",#60304d,96,48,77,323,49,37,100,15
1173,"发光 深粉色方块 #1173",#773c60,119,60,96,323,49,46,100,15
1174,"发光 粉色方块 #1174",#8d4771,141,71,113,323,49,55,100,15
1175,"发光 粉色方块 #1175",#a45284,164,82,132,323,49,64,100,15
1176,"发光 粉色方块 #1176",#bb5e97,187,94,151,323,49,73,100,15
1177,"发光 淡粉色方块 #1177",#d169a8,209,105,168,323,49,81,100,15
1178,"发光 淡粉色方块 #1178",#e875bb,232,117,187,323,49,90,100,15
1179,"发光 淡粉色方块 #1179",#ff81ce,255,129,206,323,49,100,100,15
1180,"发光 深粉色方块 #1180",#330c24,51,12,36,323,75,20,100,15
1181,"发光 深粉色方块 #1181",#491233,73,18,51,323,75,28,100,15
1182,"发光 深粉色方块 #1182",#601743,96,23,67,323,75,37,100,15
1183,"发光 深粉色方块 #1183",#771d54,119,29,84,323,75,46,100,15
1184,"发光 粉色方块 #1184",#8d2263,141,34,99,323,75,55,100,15
1185,"发光 粉色方块 #1185",#a42874,164,40,116,323,75,64,100,15
1186,"发光 粉色方块 #1186",#bb2e84,187,46,132,323,75,73,100,15
1187,"发光 粉色方块 #1187",#d13393,209,51,147,323,75,81,100,15
1188,"发光 粉色方块 #1188",#e839a4,232,57,164,323,75,90,100,15
1189,"发光 粉色方块 #1189",#ff3fb4,255,63,180,323,75,100,100,15
1190,"发光 深粉色方块 #1190",#33001f,51,0,31,323,100,20,100,15
1191,"发光 深粉色方块 #1191",#49002c,73,0,44,323,100,28,100,15
1192,"发光 深粉色方块 #1192",#60003a,96,0,58,323,100,37,100,15
1193,"发光 深粉色方块 #1193",#770048,119,0,72,323,100,46,100,15
1194,"发光 粉色方块 #1194",#8d0056,141,0,86,323,100,55,100,15
1195,"发光 粉色方块 #1195",#a40064,164,0,100,323,100,64,100,15
1196,"发光 粉色方块 #1196",#bb0072,187,0,114,323,100,73,100,15
1197,"发光 粉色方块 #1197",#d1007f,209,0,127,323,100,81,100,15
1198,"发光 粉色方块 #1198",#e8008d,232,0,141,323,100,90,100,15
1199,"发光 粉色方块 #1199",#ff009b,255,0,155,323,100,100,100,15
1200,"发光 深粉色方块 #1200",#33282d,51,40,45,333,20,20,100,15
1201,"发光 深粉色方块 #1201",#493a40,73,58,64,333,20,28,100,15
1202,"发光 深粉色方块 #1202",#604c55,96,76,85,333,20,37,100,15
1203,"发光 深粉色方块 #1203",#775f69,119,95,105,333,20,46,100,15
1204,"发光 粉色方块 #1204",#8d707d,141,112,125,333,20,55,100,15
1205,"发光 粉色方块 #1205",#a48391,164,131,145,333,20,64,100,15
1206,"发光 粉色方块 #1206",#bb95a6,187,149,166,333,20,73,100,15
1207,"发光 淡粉色方块 #1207",#d1a7b9,209,167,185,333,20,81,100,15
1208,"发光 淡粉色方块 #1208",#e8b9ce,232,185,206,333,20,90,100,15
1209,"发光 淡粉色方块 #1209",#ffcce2,255,204,226,333,20,100,100,15
1210,"发光 深粉色方块 #1210",#331925,51,25,37,333,49,20,100,15
1211,"发光 深粉色方块 #1211",#492435,73,36,53,333,49,28,100,15
1212,"发光 深粉色方块 #1212",#603045,96,48,69,333,49,37,100,15
1213,"发光 深粉色方块 #1213",#773c56,119,60,86,333,49,46,100,15
1214,"发光 粉色方块 #1214",#8d4766,141,71,102,333,49,55,100,15
1215,"发光 粉色方块 #1215",#a45277,164,82,119,333,49,64,100,15
1216,"发光 粉色方块 #1216",#bb5e87,187,94,135,333,49,73,100,15
1217,"发光 淡粉色方块 #1217",#d16997,209,105,151,333,49,81,100,15
1218,"发光 淡粉色方块 #1218",#e875a8,232,117,168,333,49,90,100,15
1219,"发光 淡粉色方块 #1219",#ff81b9,255,129,185,333,49,100,100,15
1220,"发光 深粉色方块 #1220",#330c1d,51,12,29,333,75,20,100,15
1221,"发光 深粉色方块 #1221",#49122a,73,18,42,333,75,28,100,15
1222,"发光 深粉色方块 #1222",#601738,96,23,56,333,75,37,100,15
1223,"发光 深粉色方块 #1223",#771d45,119,29,69,333,75,46,100,15
1224,"发光 粉色方块 #1224",#8d2252,141,34,82,333,75,55,100,15
1225,"发光 粉色方块 #1225",#a4285f,164,40,95,333,75,64,100,15
1226,"发光 粉色方块 #1226",#bb2e6d,187,46,109,333,75,73,100,15
1227,"发光 粉色方块 #1227",#d13379,209,51,121,333,75,81,100,15
1228,"发光 粉色方块 #1228",#e83987,232,57,135,333,75,90,100,15
1229,"发光 粉色方块 #1229",#ff3f94,255,63,148,333,75,100,100,15
1230,"发光 深粉色方块 #1230",#330016,51,0,22,333,100,20,100,15
1231,"发光 深粉色方块 #1231",#490020,73,0,32,333,100,28,100,15
1232,"发光 深粉色方块 #1232",#60002a,96,0,42,333,100,37,100,15
1233,"发光 深粉色方块 #1233",#770035,119,0,53,333,100,46,100,15
1234,"发光 粉色方块 #1234",#8d003f,141,0,63,333,100,55,100,15
1235,"发光 粉色方块 #1235",#a40049,164,0,73,333,100,64,100,15
1236,"发光 粉色方块 #1236",#bb0053,187,0,83,333,100,73,100,15
1237,"发光 粉色方块 #1237",#d1005d,209,0,93,333,100,81,100,15
1238,"发光 粉色方块 #1238",#e80067,232,0,103,333,100,90,100,15
1239,"发光 粉色方块 #1239",#ff0072,255,0,114,333,100,100,100,15
1240,"发光 深粉色方块 #1240",#33282b,51,40,43,344,20,20,100,15
1241,"发光 深粉色方块 #1241",#493a3e,73,58,62,344,20,28,100,15
1242,"发光 深粉色方块 #1242",#604c51,96,76,81,344,20,37,100,15
1243,"发光 深粉色方块 #1243",#775f65,119,95,101,344,20,46,100,15
1244,"发光 粉色方块 #1244",#8d7078,141,112,120,344,20,55,100,15
1245,"发光 粉色方块 #1245",#a4838b,164,131,139,344,20,64,100,15
1246,"发光 粉色方块 #1246",#bb959f,187,149,159,344,20,73,100,15
1247,"发光 淡粉色方块 #1247",#d1a7b2,209,167,178,344,20,81,100,15
1248,"发光 淡粉色方块 #1248",#e8b9c5,232,185,197,344,20,90,100,15
1249,"发光 淡粉色方块 #1249",#ffccd9,255,204,217,344,20,100,100,15
1250,"发光 深粉色方块 #1250",#331920,51,25,32,344,49,20,100,15
1251,"发光 深粉色方块 #1251",#49242e,73,36,46,344,49,28,100,15
1252,"发光 深粉色方块 #1252",#60303c,96,48,60,344,49,37,100,15
1253,"发光 深粉色方块 #1253",#773c4b,119,60,75,344,49,46,100,15
1254,"发光 粉色方块 #1254",#8d4759,141,71,89,344,49,55,100,15
1255,"发光 粉色方块 #1255",#a45267,164,82,103,344,49,64,100,15
1256,"发光 粉色方块 #1256",#bb5e76,187,94,118,344,49,73,100,15
1257,"发光 淡粉色方块 #1257",#d16984,209,105,132,344,49,81,100,15
1258,"发光 淡粉色方块 #1258",#e87593,232,117,147,344,49,90,100,15
1259,"发光 淡粉色方块 #1259",#ff81a1,255,129,161,344,49,100,100,15
1260,"发光 深粉色方块 #1260",#330c16,51,12,22,344,75,20,100,15
1261,"发光 深粉色方块 #1261",#491220,73,18,32,344,75,28,100,15
1262,"发光 深粉色方块 #1262",#60172a,96,23,42,344,75,37,100,15
1263,"发光 深粉色方块 #1263",#771d34,119,29,52,344,75,46,100,15
1264,"发光 粉色方块 #1264",#8d223e,141,34,62,344,75,55,100,15
1265,"发光 粉色方块 #1265",#a42848,164,40,72,344,75,64,100,15
1266,"发光 粉色方块 #1266",#bb2e52,187,46,82,344,75,73,100,15
1267,"发光 粉色方块 #1267",#d1335c,209,51,92,344,75,81,100,15
1268,"发光 粉色方块 #1268",#e83966,232,57,102,344,75,90,100,15
1269,"发光 粉色方块 #1269",#ff3f70,255,63,112,344,75,100,100,15
1270,"发光 深粉色方块 #1270",#33000d,51,0,13,344,100,20,100,15
1271,"发光 深粉色方块 #1271",#490012,73,0,18,344,100,28,100,15
1272,"发光 深粉色方块 #1272",#600018,96,0,24,344,100,37,100,15
1273,"发光 深粉色方块 #1273",#77001e,119,0,30,344,100,46,100,15
1274,"发光 粉色方块 #1274",#8d0024,141,0,36,344,100,55,100,15
1275,"发光 粉色方块 #1275",#a4002a,164,0,42,344,100,64,100,15
1276,"发光 粉色方块 #1276",#bb0030,187,0,48,344,100,73,100,15
1277,"发光 粉色方块 #1277",#d10036,209,0,54,344,100,81,100,15
1278,"发光 粉色方块 #1278",#e8003c,232,0,60,344,100,90,100,15
1279,"发光 粉色方块 #1279",#ff0041,255,0,65,344,100,100,100,15
1280,"发光 黑色方块 #1280",#333333,51,51,51,0,0,20,100,15
1281,"发光 灰色方块 #1281",#494949,73,73,73,0,0,28,100,15
1282,"发光 灰色方块 #1282",#606060,96,96,96,0,0,37,100,15
1283,"发光 灰色方块 #1283",#777777,119,119,119,0,0,46,100,15
1284,"发光 银色方块 #1284",#8d8d8d,141,141,141,0,0,55,100,15
1285,"发光 银色方块 #1285",#a4a4a4,164,164,164,0,0,64,100,15
1286,"发光 银色方块 #1286",#bbbbbb,187,187,187,0,0,73,100,15
1287,"发光 白色方块 #1287",#d1d1d1,209,209,209,0,0,81,100,15
1288,"发光 白色方块 #1288",#e8e8e8,232,232,232,0,0,90,100,15
1289,"发光 白色方块 #1289",#ffffff,255,255,255,0,0,100,100,15
